"更新日時","取得元","コード","銘柄","始値","高値","安値","終値"
"2026/09/24","google","IX0001","台湾加権","48075.39","48117.54","47754.72","48024.6"
"2026/09/28","google","KRX:KOSPI","韓国総合株価指数","7057.86","7065.9","6889.68","6889.74"
"2026/09/28","google","INDEXHANGSENG:HSI","香港ハンセン","24554.58","24767.22","24554.58","24642.51"
"2026/09/28","google","INDEXBOM:SENSEX","インドSENSEX","73734.83","73740.85","72716.23","72771.72"
"2026/09/28","google","SHE:399001","深セン成分","13265.79","13267.65","12801.2","12858.75"
"2026/09/28","google","INDEXSTOXX:SX5E","ユーロ50","6311.77","6346.99","6287.67","6301.28"
"2026/09/28","google","PX1","CAC40","8110.92","8137.42","8071.59","8078.48"
"2026/09/28","google","UKX","FTSE100","10695.19","10758.74","10684.88","10684.88"
"2026/09/28","google","INDEXDB:DAX","DAX","25443.98","25575.66","25360.32","25374.42"
"2026/09/28","google","INDEXCBOE:VIX","VIX","16.16","16.62","15.68","16.07"
"2026/09/28","google","SP500-10","S&P 500 Energy","956.89","960.97","948.6","953.26"
"2026/09/28","google","SP500-20","S&P 500 Industrials","1434.27","1438.81","1422.03","1429.09"
"2026/09/28","google","SP500-30","S&P 500 Consumer Staples","915.99","922.54","911.22","920.86"
"2026/09/28","google","SP500-40","S&P 500 Financials","909.7","911.14","901.68","902.55"
"2026/09/28","google","SP500-50","S&P 500 Telecommunication Services","473.25","473.78","466.87","468.55"
"2026/09/28","google","SP500-15","S&P 500 Materials","621.64","629.42","619.24","626.28"
"2026/09/28","google","SP500-25","S&P 500 Consumer Discretionary","1813.79","1818.11","1802.53","1803.8"
"2026/09/28","google","SP500-35","S&P 500 Health Care","1982.52","2005.39","1979.72","1997.92"
"2026/09/28","google","SP500-45","S&P 500 Information Technology","7274.08","7306.11","7192.4","7243.98"
"2026/09/28","google","SP500-55","S&P 500 Utilities","401.42","401.51","396.95","399.01"