"","","","","","","","","",""
"更新日時","取得元","コード","銘柄","価格","","時価総額（兆ドル）","前日時価総額","騰落率",""
"2026/10/06 16:00:01","google","NASDAQ:AAPL","アップル","333.63","","4.881","4.870","0.22",""
"2026/10/06 16:00:01","google","NASDAQ:MSFT","マイクロソフト","529.3","","3.873","3.843","0.78",""
"2026/10/06 16:00:01","google","NASDAQ:GOOG","グーグル","344.59","","4.198","4.189","0.22",""
"2026/10/06 16:00:01","google","NASDAQ:AMZN","アマゾン","256.29","","2.766","2.712","1.95",""
"2026/10/06 16:00:01","google","NASDAQ:NVDA","エヌビディア","239.24","","5.646","5.638","0.14",""
"2026/10/06 16:00:01","google","NASDAQ:META","メタ","738.88","","1.847","1.855","-0.41",""
"2026/10/06 16:00:01","google","NASDAQ:TSLA","テスラ","380.68","","1.471","1.464","0.51",""
"","","","","","時価総額","24.6824","24.570","",""
"2026/10/06 16:00:01","google","BATS:ARKK","アーク","90.49","#N/A","","","",""
"2026/10/06 16:00:01","google","INDEXDJX:.DJI","NYダウ","51521.28","51444.1","51672.25","51422.9","0.49",""
"2026/10/06 16:00:01","google","INDEXSP:.INX","S&P500","7818.93","7805.96","7844.52","7805.96","0.58",""
"2026/10/06 16:00:01","google","INDEXNASDAQ:.IXIC","ナスダック","27599.79","27641.17","27722.75","27592.56","0.45",""
"2026/10/06 16:00:01","google","INDEXRUSSELL:RUT","ラッセル2000","2830.3","2854.96","2864.83","2825.98","-0.59",""
"2026/10/06 16:00:01","google","INDEXNASDAQ:SOX","SOX指数","13217.82","13260.98","13349.96","13196.5","0.34",""
"2026/10/06 16:00:01","google","IX0001","台湾加権","49822.55","","","","",""
"","","","","","","","","",""
"","ブルームバーグ","","ドル円","ImportXML(""https://www.bloomberg.co.jp/quote/USDJPY:CUR"",""//div[@class='price']"")","","","","",""
"","google","INDEXTOPIX:TOPIX","","","","","","",""
"","google","INDEXSP:SP500-60","SP不動産","","","","","",""
"","","","","","","","","",""
"GOOGLEFINANCE(C15, ""price"", DATE(2024,1,1), DATE(2024,4,17), ""DAILY"")","","","","","","","","",""
"","","","","","","","","",""
"ブルームバーグ","https://www.bloomberg.co.jp/quote/SZ399006:IND","創業板","ImportXML(""https://www.bloomberg.co.jp/quote/BDIY:IND"",""//div[@class='price']"")","","","","","",""
"ブルームバーグ","TWSE:IND","台湾加権","ImportXML(""https://www.bloomberg.co.jp/quote/BDIY:IND"",""//div[@class='price']"")","","","","","",""
"ブルームバーグ","TWSE:IND","韓国総合","ImportXML(""https://www.bloomberg.co.jp/quote/BDIY:IND"",""//div[@class='price']"")","","","","","",""
"","","/html/body/div[3]/div[3]/section/div[1]/div/div/div[2]/div[2]/table/tbody","","","","","","",""
"コード","銘柄","始値","高値","安値","終値","出来高","取引日","コード"
"NASDAQ:AAPL","アップル","332.28","334.38","330.62","333.63","30422403","2026/10/06","101"
"NASDAQ:MSFT","マイクロソフト","531.68","535.69","528.78","529.3","21085208","2026/10/06","102"
"NASDAQ:GOOG","グーグル","344.64","345.67","341.7","344.59","13145066","2026/10/06","103"
"NASDAQ:AMZN","アマゾン","253.4","256.68","251.08","256.29","33977324","2026/10/06","104"
"NASDAQ:NVDA","エヌビディア","242.1","243.37","238.93","239.24","100817545","2026/10/06","105"
"NASDAQ:META","メタ","746.73","747.6","736.69","738.88","12543656","2026/10/06","106"
"NASDAQ:TSLA","テスラ","381.98","383.33","378.52","380.68","27651892","2026/10/06","107"
"BATS:ARKK","アーク","93.96","94.82","90.27","90.49","1170787","2026/10/06","108"
"NASDAQ:MU","マイクロン","1064.48","1074.31","1045.26","1045.56","21667312","2026/10/06","109"
"NASDAQ:AMD","AMD","648.04","658.52","628","649.42","24185133","2026/10/06","110"
"NASDAQ:INTC","インテル","117.06","118.2","112","112.5","101464484","2026/10/06","111"
"NASDAQ:ARM","アーム","307.59","308.5","301.07","302.56","3389585","2026/10/06","112"
"NASDAQ:AVGO","ブロードコム","367.03","380.84","364.01","375.81","30765543","2026/10/06","113"
"NASDAQ:QCOM","クアルコム","182.03","183.09","179.33","181.03","8214699","2026/10/06","114"
"AMS:ASML","ASML(蘭)","1656","1673.8","1634","1636.4","495179","2026/10/06","115"
"TPE:2330","TSMC(台)","2575","2590","2565","2585","19953802","2026/10/06","116"
"KRX:005930","サムスン(韓)","278500","279000","270000","272000","12913819","2026/10/06","117"
"HKG:0700","テンセント(中)","426.4","429.2","425.6","428.2","10030081","2026/10/06","118"
"BCBA:BABA","アリババ(中)","19800","19800","19300","19530","27914","2026/10/06","119"
"NASDAQ:PLTR","パランディア","191.05","194.56","190.22","192.07","17606280","2026/10/06","120"
"ETR:SAP","SAP(独)","186.56","190.22","186.06","188.6","1261950","2026/10/06","121"
"ETR:VOW3","VW(独)","69.18","69.3","67.9","68.88","618635","2026/10/06","122"
"ETR:BAS","BASF(独)","50.35","51.52","49.83","51.08","1778726","2026/10/06","123"
"NYSE:BRK.B","バークシャーH","504.34","508.52","503.78","505.54","3246092","2026/10/06","124"
"NYSE:JPM","JPモルガン","332.73","333.79","330.93","331.28","6286202","2026/10/06","125"
"NYSE:GS","GS","901.57","905.94","896","897.18","2048436","2026/10/06","126"
"LON:HSBA","HSBC(英)","1464.6","1477.4","1462.4","1464.6","18412121","2026/10/06","127"
"EPA:BNP","BNPパリバ(仏)","92.53","95.85","92.5","95.09","2877641","2026/10/06","128"
"EPA:MC","LVMH(仏)","384.5","386.5","381.2","385.6","426266","2026/10/06","129"
"NASDAQ:WMT","ウォルマート","104.5","107.55","104.5","107.2","22007290","2026/10/06","130"
"NYSE:MCD","マクドナルド","233.35","234.3","231.7","232.45","5636201","2026/10/06","131"
"NYSE:ORCL","オラクル","143.93","146.94","143.86","144.77","19981558","2026/10/06","132"
"KRX:000660","SKハイニクス(韓)","1835000","1837000","1771000","1773000","2811364","2026/10/06","133"
"HKG:1810","Xiaomi(中)","23.92","24.4","23.8","24.26","81202605","2026/10/06","134"
"SHE:002594","BYD(中)","82.1","83.47","81.7","83.31","0","2026/09/30","135"
"HKG:0981","SMIC(中)","61.9","62.35","61.3","61.55","5648342","2026/10/06","136"
"SHE:002371","NAURA(中)","635.01","641.68","614.26","615.97","0","2026/09/30","137"