Date,Open,High,Low,Close,Volume,TradingValue,UpLimit,UnderLimit
2024-12-19,736,740,597,635,13498000,9249865800,0,0
2024-12-20,675,692,636,642,3853500,2561542200,0,0
2024-12-23,680,705,651,652,2704800,1825177200,0,0
2024-12-24,640,640,600,612,1177300,724524800,0,0
2024-12-25,612,627,570,582,961100,573116400,0,0
2024-12-26,565,580,539,563,1378100,765525500,0,0
2024-12-27,556,565,531,531,1021800,559317000,0,0
2024-12-30,541,558,536,545,591400,322604700,0,0
2025-01-06,546,574,532,538,710700,388681000,0,0
2025-01-07,546,550,526,527,431800,230854000,0,0
2025-01-08,528,597,510,547,2885300,1611318800,0,0
2025-01-09,560,570,518,528,1132800,615413000,0,0
2025-01-10,526,542,525,528,406900,216561700,0,0
2025-01-14,531,545,512,515,360800,188840000,0,0
2025-01-15,512,522,489,505,553100,276642400,0,0
2025-01-16,515,522,487,487,319000,159232200,0,0
2025-01-17,487,492,454,463,615300,287664100,0,0
2025-01-20,459,468,449,463,371500,170737100,0,0
2025-01-21,471,510,465,472,813400,392415600,0,0
2025-01-22,500,502,480,500,617500,306276700,0,0
2025-01-23,500,502,479,486,288800,140690900,0,0
2025-01-24,487,507,478,504,251300,124208000,0,0
2025-01-27,510,526,499,515,389300,200508100,0,0
2025-01-28,506,538,501,537,365900,191445500,0,0
2025-01-29,538,559,532,557,317100,173280100,0,0
2025-01-30,613,657,587,657,2860400,1821214900,1,0
2025-01-31,623,735,615,712,3991600,2722346900,0,0
2025-02-03,739,857,739,804,4938300,3982947900,0,0
2025-02-04,774,840,743,780,2634900,2066583500,0,0
2025-02-05,800,807,701,728,1796400,1344271400,0,0
2025-02-06,715,878,710,878,7311600,6142466300,1,0
2025-02-07,879,968,809,912,6928600,6187047400,0,0
2025-02-10,920,950,830,850,2460700,2144836900,0,0
2025-02-12,880,964,842,926,3502700,3240922000,0,0
2025-02-13,851,852,776,781,1949400,1585941100,0,1
2025-02-14,791,807,752,777,567600,443061900,0,0
2025-02-17,754,818,725,752,876500,664954900,0,0
2025-02-18,756,775,741,761,340500,257229900,0,0
2025-02-19,761,761,722,722,427300,316754200,0,0
2025-02-20,735,766,717,755,417800,309240600,0,0
2025-02-21,770,798,746,784,727900,565679800,0,0
2025-02-25,801,805,753,795,544700,426341200,0,0
2025-02-26,808,825,725,740,874700,671270400,0,0
2025-02-27,725,769,722,730,960200,716032300,0,0
2025-02-28,720,754,677,702,811700,574032600,0,0
2025-03-03,717,732,700,719,402100,287242500,0,0
2025-03-04,700,723,661,668,477600,325021900,0,0
2025-03-05,657,669,638,662,400600,262585900,0,0
2025-03-06,677,740,670,721,897400,636964600,0,0
2025-03-07,755,759,671,672,1350800,957214000,0,0
2025-03-10,672,676,630,631,541700,348953800,0,0
2025-03-11,611,628,600,626,454600,279521000,0,0
2025-03-12,686,726,674,726,1061200,749390300,1,0
2025-03-13,714,759,691,693,1392100,1002955500,0,0
2025-03-14,703,744,677,716,845200,606634100,0,0
2025-03-17,716,735,705,709,564800,404504000,0,0
2025-03-18,722,722,694,702,300400,211034500,0,0
2025-03-19,687,703,670,676,409800,280823000,0,0
2025-03-21,664,681,664,678,310000,207873100,0,0
2025-03-24,674,680,658,668,275900,184320500,0,0
2025-03-25,688,766,679,733,3707000,2715597600,0,0
2025-03-26,729,738,690,706,984900,699321000,0,0
2025-03-27,694,709,680,688,450700,312303800,0,0
2025-03-28,690,736,682,726,688100,494512300,0,0
2025-03-31,725,813,720,765,2468500,1902081800,0,0
2025-04-01,766,784,725,731,776700,580245800,0,0
2025-04-02,780,881,780,879,5604400,4738808000,1,0
2025-04-03,827,1016,824,920,6963300,6566178400,0,0
2025-04-04,905,971,840,884,3651500,3273846700,0,0
2025-04-07,809,990,798,924,4358100,3993237700,0,0
2025-04-08,972,1061,939,1032,5497800,5512632700,0,0
2025-04-09,1070,1077,962,998,3782000,3845807700,0,0
2025-04-10,1073,1148,1061,1148,2475700,2783705200,1,0
2025-04-11,1148,1248,1082,1115,6419700,7423671700,0,0
2025-04-14,1119,1165,993,1030,3245100,3547033600,0,0
2025-04-15,1090,1318,1074,1187,8003300,9707981800,0,0
2025-04-16,1247,1247,1133,1168,4754400,5635061900,0,0
2025-04-17,1215,1372,1202,1370,9393700,12342158300,0,0
2025-04-18,1352,1404,1285,1381,5649500,7573356400,0,0
2025-04-21,1415,1419,1250,1273,4347600,5800204400,0,0
2025-04-22,1248,1262,1165,1211,2650200,3212813700,0,0
2025-04-23,1257,1273,1181,1198,1589200,1941033100,0,0
2025-04-24,1198,1320,1192,1260,4503200,5733173500,0,0
2025-04-25,1280,1359,1250,1261,3163400,4146454000,0,0
2025-04-28,1251,1265,1189,1189,1287600,1573973000,0,0
2025-04-30,1178,1246,1170,1221,888700,1069033700,0,0
2025-05-01,1210,1289,1193,1281,1268300,1579149700,0,0
2025-05-02,1305,1325,1221,1251,1364900,1725836900,0,0
2025-05-07,1220,1220,1063,1073,2352100,2646752700,0,0
2025-05-08,1098,1118,1035,1105,1362200,1469137600,0,0
2025-05-09,1104,1121,1071,1101,578200,634235300,0,0
2025-05-12,1100,1179,1093,1178,1275700,1469848500,0,0
2025-05-13,1183,1188,1133,1150,516500,596703800,0,0
2025-05-14,1145,1205,1140,1199,771800,910033900,0,0
2025-05-15,1227,1499,1206,1499,7571100,10601354900,1,0
2025-05-16,1549,1757,1539,1715,8473500,14098965400,0,0
2025-05-19,1675,1784,1632,1638,1976400,3321194900,0,0
2025-05-20,1632,1756,1608,1693,2714700,4585734100,0,0
2025-05-21,1728,1815,1678,1690,3838300,6682055500,0,0
2025-05-22,1666,1682,1563,1594,1597500,2556599900,0,0
2025-05-23,1578,1638,1530,1539,1301100,2058615700,0,0
2025-05-26,1559,1591,1492,1498,859600,1313234200,0,0
2025-05-27,1498,1522,1440,1506,895700,1326407000,0,0
2025-05-28,1531,1665,1522,1598,2850000,4560668100,0,0
2025-05-29,1598,1641,1502,1503,1159300,1810323700,0,0
2025-05-30,1481,1507,1430,1502,1279200,1882410100,0,0
2025-06-02,1499,1605,1487,1540,1172900,1821210600,0,0
2025-06-03,1560,1813,1545,1775,3335500,5703269700,0,0
2025-06-04,1821,1944,1764,1777,3886200,7162997800,0,0
2025-06-05,1770,1774,1661,1677,1036700,1769837800,0,0
2025-06-06,1637,1639,1478,1500,2178500,3319407500,0,0
2025-06-09,1472,1473,1352,1405,2026200,2840960900,0,0
2025-06-10,1375,1430,1358,1375,1520900,2127405900,0,0
2025-06-11,1428,1549,1397,1401,3549700,5241609900,0,0
2025-06-12,1371,1398,1275,1296,2050400,2711057700,0,0
2025-06-13,1325,1343,1260,1290,1380000,1795013300,0,0
2025-06-16,1389,1465,1365,1404,2838000,4003589500,0,0
2025-06-17,1235,1243,1104,1104,3572000,4096561700,0,1
2025-06-18,1080,1105,992,1000,7930800,8131130000,0,0
2025-06-19,1027,1029,955,955,5737000,5621679500,0,0
2025-06-20,931,1028,917,1007,6784600,6537586000,0,0
2025-06-23,989,1075,970,1029,7750200,7944552800,0,0
2025-06-24,1055,1060,1005,1034,4039800,4165723500,0,0
2025-06-25,1049,1134,1012,1119,5585700,6041493500,0,0
2025-06-26,1149,1165,1078,1085,4062700,4527805000,0,0
2025-06-27,1070,1082,1020,1028,3258400,3408479000,0,0
2025-06-30,1039,1074,1012,1013,2151700,2247390800,0,0
2025-07-01,1013,1034,1001,1010,1504600,1529642800,0,0
2025-07-02,1070,1120,1054,1100,5197600,5662462400,0,0
2025-07-03,1130,1132,1014,1041,4232400,4467967600,0,0
2025-07-04,1131,1168,1075,1151,8955500,10066746300,0,0
2025-07-07,1188,1198,1105,1128,4940400,5653555600,0,0
2025-07-08,1158,1259,1141,1253,6112300,7410433000,0,0
2025-07-09,1244,1265,1198,1240,4112600,5052155100,0,0
2025-07-10,1300,1307,1234,1298,6634500,8447214300,0,0
2025-07-11,1297,1303,1250,1276,3836500,4897163000,0,0
2025-07-14,1306,1311,1221,1243,4500600,5684924300,0,0
2025-07-15,1240,1277,1171,1171,3636900,4393968900,0,0
2025-07-16,1147,1206,1120,1192,1702300,2005128500,0,0
2025-07-17,1192,1236,1171,1227,1619600,1954630400,0,0
2025-07-18,1235,1264,1201,1201,2031800,2498626900,0,0
2025-07-22,1220,1291,1208,1215,2615800,3265746300,0,0
2025-07-23,1240,1285,1215,1275,2543300,3205433100,0,0
2025-07-24,1280,1305,1255,1276,3020400,3869570500,0,0
2025-07-25,1275,1293,1221,1226,3010600,3797942200,0,0
2025-07-28,1235,1273,1234,1237,1885300,2360241300,0,0
2025-07-29,967,1024,937,988,13731600,13394272400,0,1
2025-07-30,1010,1062,1001,1048,5733700,5924685700,0,0
2025-07-31,1063,1069,992,1000,3067500,3111510300,0,0
2025-08-01,1000,1042,994,1033,1955500,1997793100,0,0
2025-08-04,1003,1031,987,1019,1591800,1604986000,0,0
2025-08-05,1039,1045,1004,1038,1294800,1329480500,0,0
2025-08-06,1038,1049,1003,1010,1457700,1489971400,0,0
2025-08-07,1005,1013,997,1005,920200,923658600,0,0
2025-08-08,1003,1015,986,1000,1156100,1156772100,0,0
2025-08-12,1011,1026,995,1010,1348000,1358289500,0,0
2025-08-13,1010,1019,995,995,1306500,1312054200,0,0
2025-08-14,994,999,960,994,1454300,1433384900,0,0
2025-08-15,986,1002,965,971,2637900,2589392700,0,0
2025-08-18,950,966,941,953,1980200,1890429500,0,0
2025-08-19,944,948,872,874,4678600,4204140700,0,0
2025-08-20,880,903,863,885,3265600,2894858100,0,0
2025-08-21,874,896,856,863,2360100,2060320300,0,0
2025-08-22,863,872,842,847,1133700,968559700,0,0
2025-08-25,855,865,851,859,637900,547191600,0,0
2025-08-26,856,890,851,883,1521400,1326420400,0,0
2025-08-27,890,891,868,884,1103500,973851600,0,0
2025-08-28,895,901,856,859,1257900,1099560500,0,0
2025-08-29,859,923,858,895,2318300,2064192900,0,0
2025-09-01,866,873,830,838,2466100,2089192900,0,0
2025-09-02,838,866,836,858,1042100,890101200,0,0
2025-09-03,855,859,821,827,1030600,863388600,0,0
2025-09-04,822,833,807,820,1110200,910456900,0,0
2025-09-05,816,842,812,835,970500,803962100,0,0
2025-09-08,865,883,843,851,1783400,1536945900,0,0
2025-09-09,870,892,839,844,1534500,1324967200,0,0
2025-09-10,874,902,855,889,2247900,1971315700,0,0
2025-09-11,890,916,872,886,1794500,1590168300,0,0
2025-09-12,914,926,878,910,1968900,1773022100,0,0
2025-09-16,910,917,880,917,1512800,1367431400,0,0
2025-09-17,919,919,894,905,880700,797480200,0,0
2025-09-18,903,939,897,938,1631500,1496685600,0,0
2025-09-19,950,993,912,948,4115100,3921890300,0,0
2025-09-22,954,965,913,929,1269700,1183021700,0,0
2025-09-24,929,942,910,924,1034000,953902200,0,0
2025-09-25,915,920,907,912,718100,656047600,0,0
2025-09-26,912,929,894,901,942500,852211700,0,0
2025-09-29,920,927,904,909,722200,661073900,0,0
2025-09-30,931,940,902,904,1780300,1641490800,0,0
2025-10-01,918,926,888,889,1360900,1230638700,0,0
2025-10-02,888,902,861,862,1200100,1049732400,0,0
2025-10-03,859,905,858,896,848300,754006800,0,0
2025-10-06,971,1002,933,987,7942100,7713175400,0,0
2025-10-07,990,1000,933,938,3548800,3432031300,0,0
2025-10-08,938,952,915,952,1714100,1612838400,0,0
2025-10-09,947,982,932,952,2014100,1920620500,0,0
2025-10-10,945,951,901,908,1782100,1641870300,0,0
2025-10-14,893,898,842,855,2850900,2464962600,0,0
2025-10-15,870,921,863,915,1750400,1572568000,0,0
2025-10-16,925,934,899,899,1476000,1346259900,0,0
2025-10-17,888,890,868,878,932600,819521700,0,0
2025-10-20,892,945,887,945,1647700,1499327700,0,0
2025-10-21,939,943,901,905,1459000,1348057800,0,0
2025-10-22,910,929,905,928,1413500,1300378400,0,0
2025-10-23,930,935,918,934,1082000,1005615100,0,0
2025-10-24,958,1050,946,958,6545900,6488345500,0,0
2025-10-27,988,988,955,978,2001400,1945440900,0,0
2025-10-28,988,997,958,960,2101400,2050530000,0,0
2025-10-29,997,1003,951,964,3550200,3467038000,0,0
2025-10-30,990,1008,968,976,2896400,2862484700,0,0
2025-10-31,968,977,936,946,1734500,1651656700,0,0
2025-11-04,961,976,931,964,1347500,1290255700,0,0
2025-11-05,920,944,911,931,1811800,1675340200,0,0
2025-11-06,944,992,940,979,1720000,1675944300,0,0
2025-11-07,965,994,960,994,1440300,1409065400,0,0
2025-11-10,1009,1032,1001,1023,1950400,1988192900,0,0
2025-11-11,1009,1011,987,990,1546600,1542059700,0,0
2025-11-12,998,1022,987,1022,1230700,1237271700,0,0
2025-11-13,1010,1010,955,968,1847300,1800930500,0,0
2025-11-14,927,946,887,887,3077400,2804672600,0,0
2025-11-17,1028,1037,1027,1037,2160300,2233675300,1,0
2025-11-18,1061,1171,980,1012,7033900,7522485500,0,0
2025-11-19,1014,1082,1000,1040,2484100,2589802600,0,0
2025-11-20,1075,1133,1062,1100,2801400,3070144600,0,0
2025-11-21,1030,1043,1003,1003,3445300,3503085800,0,0
2025-11-25,1013,1026,961,969,2051000,2017626600,0,0
2025-11-26,982,1042,975,1030,1861500,1899039200,0,0
2025-11-27,1058,1083,1045,1073,1651100,1761636800,0,0
2025-11-28,1077,1118,1068,1105,1795800,1974480500,0,0
2025-12-01,1110,1119,1053,1063,1571500,1692328700,0,0
2025-12-02,1108,1109,1056,1059,1383500,1491418100,0,0
2025-12-03,1070,1072,1022,1048,1336000,1396284400,0,0
2025-12-04,1037,1093,1035,1075,1195900,1284908900,0,0
2025-12-05,1080,1187,1080,1162,3864500,4459388200,0,0
2025-12-08,1150,1171,1139,1170,1798100,2077308400,0,0
2025-12-09,1170,1215,1155,1189,1819200,2143388400,0,0
2025-12-10,1188,1198,1143,1151,1324100,1541931600,0,0
2025-12-11,1168,1223,1163,1207,2711800,3247948300,0,0
2025-12-12,1237,1311,1212,1256,3109700,3942090400,0,0
2025-12-15,1245,1263,1203,1263,1591200,1964763400,0,0
2025-12-16,1241,1253,1206,1209,1086300,1329867400,0,0
2025-12-17,1161,1200,1113,1187,2471400,2890044400,0,0
2025-12-18,1162,1177,1137,1168,1508600,1746248400,0,0
2025-12-19,1192,1247,1185,1245,1178400,1432317700,0,0
2025-12-22,1261,1296,1242,1285,2025600,2589279200,0,0
2025-12-23,1290,1317,1262,1294,2518600,3246526100,0,0
2025-12-24,1300,1363,1287,1346,4886700,6511307700,0,0
2025-12-25,1241,1250,1118,1154,7189500,8503794100,0,0
2025-12-26,1124,1185,1108,1150,4038200,4640159700,0,0
2025-12-29,1150,1185,1118,1157,1814200,2096322500,0,0
2025-12-30,1140,1156,1103,1134,1916500,2169821500,0,0
2026-01-05,1158,1188,1095,1110,2475000,2786267200,0,0
2026-01-06,1130,1160,1120,1137,1747100,1990359400,0,0
2026-01-07,1125,1126,1050,1063,2593200,2781233000,0,0
2026-01-08,1050,1056,1026,1030,2581300,2681341200,0,0
2026-01-09,1052,1056,996,1015,2511500,2554862400,0,0
2026-01-13,1055,1088,1031,1076,3161900,3356299000,0,0
2026-01-14,1052,1073,1015,1021,1711000,1772641200,0,0
2026-01-15,1015,1076,1013,1068,1386200,1447531500,0,0
2026-01-16,1088,1112,1062,1106,2071900,2260129000,0,0
2026-01-19,1106,1234,1081,1234,3532100,4180902800,0,0
2026-01-20,1220,1254,1167,1176,2535700,3036056200,0,0
2026-01-21,1133,1199,1117,1152,1990500,2300908000,0,0
2026-01-22,1165,1172,1105,1110,1874300,2118683900,0,0
2026-01-23,1125,1166,1124,1141,1436900,1641422300,0,0
2026-01-26,1131,1178,1121,1141,1234500,1422727400,0,0
2026-01-27,1142,1183,1127,1168,1051100,1223820100,0,0
2026-01-28,1180,1182,1131,1144,999100,1148498300,0,0
2026-01-29,1164,1193,1151,1188,1424100,1673333200,0,0
2026-01-30,1201,1211,1159,1179,1278300,1513893600,0,0
2026-02-02,1185,1226,1168,1188,1543400,1845942000,0,0
2026-02-03,1198,1219,1169,1219,1375200,1651654300,0,0
2026-02-04,1211,1231,1194,1215,1431400,1736549800,0,0
2026-02-05,1216,1250,1191,1208,1986400,2415119200,0,0
2026-02-06,1190,1230,1172,1230,1741600,2100175200,0,0
2026-02-09,1260,1264,1221,1231,1768500,2196919200,0,0
2026-02-10,1239,1288,1237,1285,1608100,2046751100,0,0
2026-02-12,1310,1313,1233,1252,2073700,2635911600,0,0
2026-02-13,1245,1245,1181,1205,2162600,2607767600,0,0
2026-02-16,1210,1335,1181,1320,3630200,4670418000,0,0
2026-02-17,1329,1378,1272,1369,3844400,5128376700,0,0
2026-02-18,1373,1415,1345,1359,2848300,3909767300,0,0
2026-02-19,1345,1357,1291,1321,2042900,2696650500,0,0
2026-02-20,1340,1355,1276,1285,1662700,2171937100,0,0
2026-02-24,1350,1374,1300,1315,6008000,8007423900,0,0
2026-02-25,1330,1362,1202,1225,3643800,4645076100,0,0
2026-02-26,1255,1311,1227,1281,1960700,2502496400,0,0
2026-02-27,1350,1395,1312,1357,5339400,7228082700,0,0
2026-03-02,1380,1474,1358,1449,4418600,6241665600,0,0
2026-03-03,1478,1482,1390,1400,2367000,3376019000,0,0
2026-03-04,1370,1438,1295,1315,3014100,4056061900,0,0
2026-03-05,1384,1424,1347,1378,1721600,2388523300,0,0
2026-03-06,1357,1382,1320,1365,1135300,1541115700,0,0
2026-03-09,1275,1299,1192,1219,2331300,2870019200,0,0
2026-03-10,1295,1319,1260,1293,1664100,2151846200,0,0
2026-03-11,1330,1395,1323,1353,1601800,2187398000,0,0
2026-03-12,1323,1349,1300,1328,1215400,1606506400,0,0
2026-03-13,1328,1452,1309,1435,3051700,4294392600,0,0
2026-03-16,1420,1490,1402,1487,2446200,3575214400,0,0
2026-03-17,1500,1500,1363,1384,3280500,4642724700,0,0
2026-03-18,1400,1497,1388,1471,3130200,4571412000,0,0
2026-03-19,1427,1437,1360,1367,2313700,3222703900,0,0
2026-03-23,1334,1355,1285,1286,2384200,3122851800,0,0
2026-03-24,1337,1346,1246,1274,1610600,2066417100,0,0
2026-03-25,1298,1377,1276,1367,2102600,2800733900,0,0
2026-03-26,1360,1380,1294,1312,1585600,2105543500,0,0
2026-03-27,1314,1315,1218,1220,2982800,3700014600,0,0
2026-03-30,1130,1154,1081,1105,3741800,4156086600,0,0
2026-03-31,1085,1124,1052,1072,2126800,2305631500,0,0
2026-04-01,1150,1159,1109,1158,1964800,2235111900,0,0
2026-04-02,1188,1249,1150,1150,4038900,4831189500,0,0
2026-04-03,1210,1236,1197,1209,2247700,2731048000,0,0
2026-04-06,1212,1265,1207,1242,1617500,2008091500,0,0
2026-04-07,1247,1284,1229,1279,1347500,1702330400,0,0
2026-04-08,1342,1373,1321,1370,2020200,2727311500,0,0
2026-04-09,1340,1347,1308,1309,1422400,1884672400,0,0
2026-04-10,1394,1453,1378,1414,3715900,5252533100,0,0
2026-04-13,1384,1435,1370,1370,1687700,2348749400,0,0
2026-04-14,1400,1400,1336,1340,1779900,2419195600,0,0
2026-04-15,1385,1404,1299,1307,1656900,2231569500,0,0
2026-04-16,1321,1353,1314,1353,1036200,1388557400,0,0
2026-04-17,1358,1393,1350,1363,1076600,1476535700,0,0
2026-04-20,1360,1460,1357,1437,2552200,3651260000,0,0
2026-04-21,1463,1497,1448,1477,1927800,2841062900,0,0
2026-04-22,1497,1507,1428,1436,1802500,2633013700,0,0
2026-04-23,1458,1476,1337,1373,1505400,2085795400,0,0
2026-04-24,1380,1389,1273,1330,2287100,3006878400,0,0
2026-04-27,1312,1320,1237,1258,1609700,2027425700,0,0
2026-04-28,1248,1313,1244,1296,1527900,1973590800,0,0
2026-04-30,1290,1358,1283,1322,1404500,1865442100,0,0
2026-05-01,1350,1393,1327,1346,1212500,1654778200,0,0
2026-05-07,1428,1452,1369,1399,2829700,4003673000,0,0
2026-05-08,1400,1464,1386,1434,2885000,4128294400,0,0
2026-05-11,1476,1509,1457,1480,3024200,4499173300,0,0
2026-05-12,1510,1520,1405,1448,2153200,3135685800,0,0
2026-05-13,1440,1593,1407,1593,3388500,5193415800,0,0
2026-05-14,1627,1660,1511,1532,3927600,6219572000,0,0
2026-05-18,1565,1571,1437,1463,3036100,4489050000,0,0
2026-05-19,1499,1593,1488,1558,3839900,5948069400,0,0
2026-05-20,1518,1546,1452,1473,2759200,4071387500,0,0
2026-05-21,1526,1565,1441,1521,3018800,4499912900,0,0
2026-05-22,1580,1830,1535,1813,9088500,15603999700,0,0
2026-05-25,1955,2020,1896,1923,6979600,13692633700,0,0
2026-05-26,1918,2050,1846,2047,4550000,9027296300,0,0
2026-05-27,2130,2140,1905,1951,6493200,13012902500,0,0
2026-05-28,1968,2018,1928,2005,3845800,7628268900,0,0
2026-05-29,2020,2031,1865,1896,4206500,8161183100,0,0
2026-06-01,1900,1931,1644,1681,4508900,7748730800,0,0
2026-06-02,1551,1640,1511,1616,3661500,5727873000,0,0
2026-06-03,1595,1595,1470,1502,4431800,6684565900,0,0
2026-06-04,1480,1483,1365,1429,3918600,5554541800,0,0
2026-06-05,1500,1561,1485,1518,3149700,4795399600,0,0
2026-06-08,1418,1547,1412,1505,2980800,4451983400,0,0
2026-06-09,1510,1521,1419,1446,2277600,3316230800,0,0
2026-06-10,1394,1430,1367,1384,2434400,3387786200,0,0
2026-06-11,1365,1448,1352,1441,2053600,2876191800,0,0
2026-06-12,1581,1590,1506,1552,3382800,5263573600,0,0
2026-06-15,1512,1521,1306,1310,4446800,6087793300,0,0
2026-06-16,1400,1404,1325,1334,2858400,3901411000,0,0
2026-06-17,1364,1420,1276,1276,3357000,4421629900,0,0
2026-06-18,1310,1367,1310,1319,2313000,3076652000,0,0
2026-06-19,1290,1306,1261,1269,1923500,2456843600,0,0
2026-06-22,1320,1363,1280,1352,2043300,2720577100,0,0
2026-06-23,1306,1340,1269,1275,2087400,2691508300,0,0
2026-06-24,1275,1298,1239,1250,1333700,1686636100,0,0
2026-06-25,1250,1272,1166,1184,3825700,4563116800,0,0
2026-06-26,1161,1177,1115,1148,1928900,2196648200,0,0
2026-06-29,1159,1216,1136,1185,2040300,2417994800,0,0
2026-06-30,1243,1260,1200,1232,1520300,1885125400,0,0
2026-07-01,1232,1237,1181,1186,1221000,1467167900,0,0
2026-07-02,1197,1242,1186,1197,1364200,1658040800,0,0
2026-07-03,1249,1290,1224,1290,1785800,2251201500,0,0
2026-07-06,1300,1349,1265,1282,1575200,2050058500,0,0
2026-07-07,1264,1277,1231,1244,1275700,1596941600,0,0
2026-07-08,1270,1275,1167,1167,2124400,2535726500,0,0
2026-07-09,1167,1218,1151,1207,1451400,1737256900,0,0
2026-07-10,1217,1227,1198,1214,726400,882144900,0,0
2026-07-13,1220,1296,1214,1236,1344600,1686836000,0,0
2026-07-14,1236,1255,1202,1215,1052500,1280246500,0,0
2026-07-15,1198,1276,1191,1266,1452400,1805823200,0,0
2026-07-16,1250,1273,1227,1246,1238300,1543741800,0,0
2026-07-17,1190,1213,1117,1121,2910000,3374276400,0,0
2026-07-21,1122,1175,1094,1170,1249200,1430935300,0,0
2026-07-22,1185,1237,1169,1192,1700800,2053538600,0,0
2026-07-23,1173,1218,1172,1199,791700,949678000,0,0
2026-07-24,1172,1179,1117,1130,1455900,1662807200,0,0
2026-07-27,1140,1143,1102,1140,1294400,1457489100,0,0
2026-07-28,1141,1145,1090,1100,1394300,1541647800,0,0
2026-07-29,1100,1109,1003,1019,2861900,2975017100,0,0
2026-07-30,1035,1080,1020,1057,1303100,1372979200,0,0
2026-07-31,1111,1160,1093,1148,2004700,2260522100,0,0
2026-08-03,1122,1155,1119,1146,907000,1032476800,0,0
2026-08-04,1194,1250,1189,1243,1805500,2212445000,0,0
2026-08-05,1249,1354,1240,1345,1983600,2604754200,0,0
2026-08-06,1330,1354,1320,1331,1362100,1822966300,0,0
2026-08-07,1331,1357,1315,1353,1009500,1351977800,0,0
2026-08-10,1361,1406,1342,1388,1731100,2394027100,0,0
2026-08-12,1384,1454,1361,1444,1959400,2795687300,0,0
2026-08-13,1426,1451,1404,1447,1725100,2473386700,0,0
2026-08-14,1435,1448,1405,1427,1557500,2225940800,0,0
2026-08-17,1351,1442,1333,1420,2108600,2959149700,0,0
2026-08-18,1420,1518,1420,1450,2017700,2979491600,0,0
2026-08-19,1400,1448,1359,1381,1235600,1721048100,0,0
2026-08-20,1381,1404,1356,1384,974900,1343094400,0,0
2026-08-21,1355,1367,1314,1342,1042500,1399901700,0,0
