Date,Open,High,Low,Close,Volume,TradingValue,UpLimit,UnderLimit
2021-01-25,3970,3990,3895,3925,173800,685556500,0,0
2021-01-26,3920,3990,3885,3900,169500,666133000,0,0
2021-01-27,3900,3915,3795,3820,215400,825801500,0,0
2021-01-28,3705,3780,3665,3680,642000,2373904000,0,0
2021-01-29,3720,3760,3655,3705,126700,469615500,0,0
2021-02-01,3635,3695,3595,3605,115300,419299500,0,0
2021-02-02,3915,3955,3790,3795,275100,1056696500,0,0
2021-02-03,3860,3945,3770,3800,193200,740823500,0,0
2021-02-04,3730,3755,3610,3675,194900,713612500,0,0
2021-02-05,3685,3695,3630,3650,82300,301439000,0,0
2021-02-08,3630,3665,3605,3625,126100,457808500,0,0
2021-02-09,3650,3725,3590,3705,138000,505835500,0,0
2021-02-10,3695,3720,3640,3670,92800,341709000,0,0
2021-02-12,3680,3720,3615,3695,97800,359638500,0,0
2021-02-15,3720,3760,3655,3745,91300,340145500,0,0
2021-02-16,3745,3875,3730,3860,167200,639327000,0,0
2021-02-17,3920,3995,3905,3980,217400,860542000,0,0
2021-02-18,3920,4020,3920,3965,182800,725785500,0,0
2021-02-19,3915,3990,3915,3975,91300,360971500,0,0
2021-02-22,3980,3995,3945,3970,86100,341779500,0,0
2021-02-24,3905,3950,3885,3935,156000,611375000,0,0
2021-02-25,3935,3965,3910,3950,118000,464618500,0,0
2021-02-26,3885,3895,3825,3830,117000,451505000,0,0
2021-03-01,3925,3975,3905,3970,101100,399274000,0,0
2021-03-02,4000,4060,3960,3995,102600,410260000,0,0
2021-03-03,3990,3990,3890,3925,61500,240755000,0,0
2021-03-04,3885,3920,3810,3880,70600,272495000,0,0
2021-03-05,3945,3945,3770,3835,77000,294081000,0,0
2021-03-08,3925,3925,3810,3815,57600,221242000,0,0
2021-03-09,3840,3840,3735,3795,52100,196916500,0,0
2021-03-10,3800,3810,3735,3795,63800,241406000,0,0
2021-03-11,3825,3855,3770,3855,54300,207698000,0,0
2021-03-12,3860,3960,3855,3955,91100,357328500,0,0
2021-03-15,3980,4055,3970,4050,80400,323721500,0,0
2021-03-16,4035,4070,4030,4065,59000,239019000,0,0
2021-03-17,4055,4190,4030,4160,115800,480790500,0,0
2021-03-18,4175,4225,4105,4225,90600,379114000,0,0
2021-03-19,4140,4190,4080,4095,85300,351279500,0,0
2021-03-22,4030,4065,3945,4020,153700,615002500,0,0
2021-03-23,3995,4040,3970,3970,55900,223508500,0,0
2021-03-24,3915,3975,3890,3930,107600,423958500,0,0
2021-03-25,3975,3990,3895,3920,53200,208453000,0,0
2021-03-26,3965,4010,3945,3990,68500,272658000,0,0
2021-03-29,4060,4095,4030,4095,82400,334715000,0,0
2021-03-30,4085,4085,4015,4060,56100,226961500,0,0
2021-03-31,4015,4100,3980,4065,69200,281777000,0,0
2021-04-01,4080,4150,4055,4095,36400,149093000,0,0
2021-04-02,4150,4215,4080,4195,56200,234136500,0,0
2021-04-05,4180,4245,4140,4160,62800,261720500,0,0
2021-04-06,4190,4260,4165,4190,99400,418146000,0,0
2021-04-07,4175,4345,4170,4345,98700,423220500,0,0
2021-04-08,4350,4390,4300,4335,107000,463971500,0,0
2021-04-09,4380,4435,4335,4340,90900,398339500,0,0
2021-04-12,4430,4435,4310,4345,99500,434821000,0,0
2021-04-13,4275,4325,4235,4255,73000,312189000,0,0
2021-04-14,4200,4245,4175,4245,63600,268449000,0,0
2021-04-15,4175,4245,4175,4235,38500,162607000,0,0
2021-04-16,4235,4335,4215,4240,43200,184402500,0,0
2021-04-19,4200,4265,4195,4220,32700,138319500,0,0
2021-04-20,4145,4175,4080,4100,86800,357931500,0,0
2021-04-21,4000,4070,3990,4010,61200,246162000,0,0
2021-04-22,4080,4125,4055,4125,55200,225665000,0,0
2021-04-23,4085,4100,4040,4050,38400,155923500,0,0
2021-04-26,4000,4055,4000,4035,68300,275911500,0,0
2021-04-27,4080,4085,4005,4005,50800,205092000,0,0
2021-04-28,4030,4030,3905,3915,63200,249104000,0,0
2021-04-30,3915,3970,3905,3940,63100,248646000,0,0
2021-05-06,3955,3995,3950,3980,41300,164350500,0,0
2021-05-07,4050,4050,3995,4000,70700,283422500,0,0
2021-05-10,4070,4300,4055,4280,194400,821119000,0,0
2021-05-11,4300,4300,4095,4120,115800,479524500,0,0
2021-05-12,4120,4160,4040,4070,78000,318839000,0,0
2021-05-13,4000,4030,3950,3955,61700,246253000,0,0
2021-05-14,4000,4025,3955,3965,75800,301792000,0,0
2021-05-17,4025,4055,3850,3895,69000,268950500,0,0
2021-05-18,3850,3895,3810,3880,93300,360949000,0,0
2021-05-19,3850,3850,3765,3795,68600,260723000,0,0
2021-05-20,3795,3905,3795,3895,47200,183234000,0,0
2021-05-21,3900,3970,3880,3960,56300,221787000,0,0
2021-05-24,3950,4010,3950,3970,30400,121042500,0,0
2021-05-25,4000,4025,3915,4000,63100,251538500,0,0
2021-05-26,3955,3970,3920,3950,46200,182289000,0,0
2021-05-27,3940,3975,3895,3895,65900,258691000,0,0
2021-05-28,3950,3965,3925,3955,51500,203347500,0,0
2021-05-31,3970,3970,3925,3930,50900,200450000,0,0
2021-06-01,3940,3960,3915,3955,31000,122323500,0,0
2021-06-02,3920,3970,3850,3910,72200,281883500,0,0
2021-06-03,3870,3930,3870,3925,63800,249740500,0,0
2021-06-04,3895,3930,3855,3895,51700,200966000,0,0
2021-06-07,3945,3990,3930,3955,42900,170132500,0,0
2021-06-08,3965,4060,3965,4040,46400,186970000,0,0
2021-06-09,4035,4070,4015,4040,29400,119001000,0,0
2021-06-10,4015,4045,3995,4030,22400,90018500,0,0
2021-06-11,4040,4085,4020,4070,31900,129344000,0,0
2021-06-14,4100,4155,4060,4120,48500,199824500,0,0
2021-06-15,4120,4145,4025,4080,57500,234383500,0,0
2021-06-16,4095,4155,4080,4115,40600,167280500,0,0
2021-06-17,4110,4145,4100,4130,22400,92337500,0,0
2021-06-18,4200,4220,4065,4070,66400,273808500,0,0
2021-06-21,4000,4010,3945,3970,46900,186301000,0,0
2021-06-22,4030,4080,3995,4055,87600,354022000,0,0
2021-06-23,4120,4190,4095,4125,65200,270118000,0,0
2021-06-24,4120,4145,4070,4105,23900,98229500,0,0
2021-06-25,4150,4205,4140,4185,45500,190435000,0,0
2021-06-28,4160,4200,4140,4150,44400,184704000,0,0
2021-06-29,4155,4170,4085,4095,34600,142608000,0,0
2021-06-30,4115,4140,4100,4100,44000,180952000,0,0
2021-07-01,4125,4130,4075,4115,33000,135452000,0,0
2021-07-02,4140,4150,4100,4135,32400,133532000,0,0
2021-07-05,4130,4215,4110,4150,35900,149833000,0,0
2021-07-06,4150,4230,4120,4215,59000,247438500,0,0
2021-07-07,4200,4270,4170,4185,74200,312758500,0,0
2021-07-08,4250,4250,4190,4200,77400,326147000,0,0
2021-07-09,4180,4265,4150,4260,83000,350171500,0,0
2021-07-12,4310,4325,4255,4255,72100,309190500,0,0
2021-07-13,4265,4345,4225,4255,55900,238989000,0,0
2021-07-14,4115,4160,4085,4100,126100,519151000,0,0
2021-07-15,4040,4045,3925,3960,159400,630291000,0,0
2021-07-16,3890,3975,3850,3940,135400,530800500,0,0
2021-07-19,3915,3915,3805,3840,80900,310747000,0,0
2021-07-20,3770,3810,3745,3780,111300,419812500,0,0
2021-07-21,3805,3835,3770,3800,76300,289826500,0,0
2021-07-26,3845,3925,3845,3915,62400,243283000,0,0
2021-07-27,4025,4025,3955,3975,110000,437865000,0,0
2021-07-28,3945,3995,3920,3965,43400,172087000,0,0
2021-07-29,3990,4010,3960,4010,34200,136672000,0,0
2021-07-30,3980,3980,3910,3935,68400,269810000,0,0
2021-08-02,4130,4290,4125,4210,137300,577023000,0,0
2021-08-03,4185,4350,4185,4345,139700,602307000,0,0
2021-08-04,4375,4435,4300,4345,103200,450206000,0,0
2021-08-05,4345,4360,4320,4350,57300,248991000,0,0
2021-08-06,4400,4400,4330,4350,62800,273517000,0,0
2021-08-10,4415,4470,4385,4455,80300,355957000,0,0
2021-08-11,4455,4455,4375,4400,36700,161369500,0,0
2021-08-12,4395,4415,4350,4370,37100,162313500,0,0
2021-08-13,4395,4395,4335,4370,41500,181211500,0,0
2021-08-16,4300,4310,4170,4220,95100,400631500,0,0
2021-08-17,4430,4455,4250,4300,131600,572729000,0,0
2021-08-18,4245,4315,4210,4235,28300,120587500,0,0
2021-08-19,4205,4235,4180,4180,24000,100809000,0,0
2021-08-20,4160,4215,4160,4170,33200,138929500,0,0
2021-08-23,4205,4275,4205,4260,51000,216706500,0,0
2021-08-24,4295,4385,4285,4375,76100,329918000,0,0
2021-08-25,4375,4450,4360,4400,65300,286907500,0,0
2021-08-26,4330,4375,4300,4365,43300,188254000,0,0
2021-08-27,4430,4500,4370,4500,64600,287946000,0,0
2021-08-30,4505,4585,4485,4545,86200,391733000,0,0
2021-08-31,4460,4580,4460,4530,98900,447110000,0,0
2021-09-01,4460,4490,4410,4490,87400,389605000,0,0
2021-09-02,4425,4610,4425,4610,81300,370795000,0,0
2021-09-03,4650,4775,4635,4745,84500,399342500,0,0
2021-09-06,4845,4870,4775,4835,69000,333178500,0,0
2021-09-07,4900,4960,4860,4910,78500,384997500,0,0
2021-09-08,4840,4890,4795,4840,55300,267083000,0,0
2021-09-09,4830,4840,4755,4820,66800,320769000,0,0
2021-09-10,4830,5010,4820,5010,81300,403343500,0,0
2021-09-13,5050,5070,4975,5040,55300,277537000,0,0
2021-09-14,5040,5140,5010,5140,63900,325037000,0,0
2021-09-15,5130,5180,5060,5170,77400,397152000,0,0
2021-09-16,5130,5210,5090,5180,84200,435361000,0,0
2021-09-17,5180,5250,5110,5250,94200,491859000,0,0
2021-09-21,5210,5310,5170,5270,99700,524448000,0,0
2021-09-22,5170,5250,5110,5200,71100,369379000,0,0
2021-09-24,5300,5330,5270,5310,66700,353897000,0,0
2021-09-27,5370,5420,5310,5400,189300,1019600000,0,0
2021-09-28,5380,5420,5200,5360,165900,882185000,0,0
2021-09-29,5140,5170,5040,5080,116700,592918000,0,0
2021-09-30,5020,5110,4975,5070,90500,456877500,0,0
2021-10-01,4970,5050,4870,4890,86800,428145000,0,0
2021-10-04,4960,4970,4780,4820,60500,292913500,0,0
2021-10-05,4710,4740,4615,4700,119400,559099500,0,0
2021-10-06,4725,4840,4670,4700,74400,352505000,0,0
2021-10-07,4660,4790,4660,4750,61200,289541500,0,0
2021-10-08,4820,4895,4815,4835,77800,376846500,0,0
2021-10-11,4865,5030,4825,4940,69800,346029000,0,0
2021-10-12,4945,4980,4910,4940,56200,277707500,0,0
2021-10-13,4940,4960,4825,4830,64400,313247000,0,0
2021-10-14,4900,4960,4870,4905,32100,157557500,0,0
2021-10-15,4955,5110,4935,5110,49400,250531000,0,0
2021-10-18,5150,5170,5060,5150,66300,340632000,0,0
2021-10-19,5150,5230,5140,5170,40000,207663000,0,0
2021-10-20,5190,5300,5170,5230,69600,363886000,0,0
2021-10-21,5030,5150,5030,5040,55000,279490000,0,0
2021-10-22,5060,5130,5050,5070,45500,231409000,0,0
2021-10-25,5000,5140,5000,5110,59300,302264000,0,0
2021-10-26,5130,5170,5100,5150,42800,220087000,0,0
2021-10-27,5180,5260,5180,5230,76700,401615000,0,0
2021-10-28,5250,5320,5220,5280,286000,1510394000,0,0
2021-10-29,5270,5290,5080,5220,80900,421214000,0,0
2021-11-01,4910,5170,4900,5160,135900,690218000,0,0
2021-11-02,5070,5100,4830,4870,187800,921668500,0,0
2021-11-04,4950,4985,4870,4875,129700,635220000,0,0
2021-11-05,4850,4910,4820,4860,76000,368663500,0,0
2021-11-08,4885,4925,4805,4840,61800,299513000,0,0
2021-11-09,4900,4925,4835,4835,54900,267065000,0,0
2021-11-10,4830,4905,4815,4900,21300,104030500,0,0
2021-11-11,4900,4915,4885,4905,27900,136686000,0,0
2021-11-12,4940,5050,4940,4965,43400,216598500,0,0
2021-11-15,5110,5140,5030,5130,57900,295796000,0,0
2021-11-16,5090,5100,4960,4990,65700,329161000,0,0
2021-11-17,5100,5120,5050,5110,62500,318490000,0,0
2021-11-18,5100,5150,5030,5110,60300,307956000,0,0
2021-11-19,5120,5160,5060,5160,37500,192079000,0,0
2021-11-22,5140,5200,5130,5150,32000,165168000,0,0
2021-11-24,5100,5100,4830,4850,85100,417474000,0,0
2021-11-25,4885,4940,4845,4915,56000,274186000,0,0
2021-11-26,4915,4935,4765,4780,54700,262799500,0,0
2021-11-29,4695,4785,4650,4690,59200,279697500,0,0
2021-11-30,4760,4860,4715,4720,106900,510946500,0,0
2021-12-01,4700,4715,4555,4660,94100,436237000,0,0
2021-12-02,4570,4685,4570,4610,70300,325289000,0,0
2021-12-03,4645,4655,4545,4640,56700,261896500,0,0
2021-12-06,4680,4680,4615,4635,40500,188052000,0,0
2021-12-07,4680,4825,4655,4825,39500,188280000,0,0
2021-12-08,4950,4950,4835,4840,57300,278868500,0,0
2021-12-09,4910,4920,4795,4805,53400,258307500,0,0
2021-12-10,4805,4820,4735,4785,48500,231919500,0,0
2021-12-13,4800,4845,4785,4820,31500,151744000,0,0
2021-12-14,4820,4835,4760,4770,28200,134994000,0,0
2021-12-15,4775,4820,4775,4785,18400,88223000,0,0
2021-12-16,4850,4870,4800,4850,51400,248669500,0,0
2021-12-17,4820,4825,4720,4740,53500,254275000,0,0
2021-12-20,4700,4725,4565,4575,31300,144447500,0,0
2021-12-21,4620,4725,4610,4710,43600,204691500,0,0
2021-12-22,4780,4780,4675,4730,37600,177941500,0,0
2021-12-23,4730,4785,4720,4755,27500,130913000,0,0
2021-12-24,4810,4860,4785,4825,45700,221081500,0,0
2021-12-27,4825,4870,4805,4835,49400,238968500,0,0
2021-12-28,4850,4910,4800,4900,56100,272778000,0,0
2021-12-29,4900,4975,4900,4935,41300,204024000,0,0
2021-12-30,4925,4925,4830,4855,34800,169442000,0,0
2022-01-04,4925,4935,4815,4910,41600,202650500,0,0
2022-01-05,4845,4925,4845,4870,34000,165865000,0,0
2022-01-06,4770,4775,4625,4625,51200,239646000,0,0
2022-01-07,4675,4675,4540,4575,51400,235442500,0,0
2022-01-11,4540,4560,4480,4550,49800,225587500,0,0
2022-01-12,4605,4775,4605,4750,54300,256938500,0,0
2022-01-13,4755,4785,4695,4710,30300,143261000,0,0
2022-01-14,4700,4720,4640,4695,37500,175640500,0,0
2022-01-17,4700,4760,4700,4735,24500,115994500,0,0
2022-01-18,4765,4770,4600,4605,30300,141358000,0,0
2022-01-19,4555,4580,4445,4470,42800,192715000,0,0
2022-01-20,4470,4595,4450,4545,41000,185827000,0,0
2022-01-21,4500,4500,4355,4425,56400,248919500,0,0
2022-01-24,4400,4535,4370,4525,29600,132561500,0,0
2022-01-25,4525,4525,4300,4365,69000,302340500,0,0
2022-01-26,4315,4405,4265,4360,43200,187671500,0,0
2022-01-27,4340,4390,4145,4180,58400,246577000,0,0
2022-01-28,4310,4465,4255,4455,106500,469630000,0,0
2022-01-31,4440,4485,4330,4460,91100,403515000,0,0
2022-02-01,4880,5000,4765,4765,207900,1013435500,0,0
2022-02-02,4770,4830,4720,4750,155700,742873500,0,0
2022-02-03,4680,4695,4515,4560,118900,546774000,0,0
2022-02-04,4615,4770,4595,4745,73900,347066500,0,0
2022-02-07,4745,4810,4705,4735,83700,397341000,0,0
2022-02-08,4705,4790,4695,4725,60600,287320000,0,0
2022-02-09,4760,4850,4730,4840,45200,217681500,0,0
2022-02-10,4875,4890,4725,4760,37100,177247500,0,0
2022-02-14,4725,4725,4635,4670,56100,262881500,0,0
2022-02-15,4670,4710,4610,4645,53800,249775000,0,0
2022-02-16,4660,4810,4660,4795,31000,148058000,0,0
2022-02-17,4755,4755,4645,4695,43100,202158000,0,0
2022-02-18,4660,4685,4615,4630,33400,155310000,0,0
2022-02-21,4500,4535,4420,4480,31500,141163500,0,0
2022-02-22,4415,4545,4390,4515,56800,255967500,0,0
2022-02-24,4500,4615,4480,4545,74700,339183000,0,0
2022-02-25,4515,4565,4460,4565,81600,368613500,0,0
2022-02-28,4545,4620,4515,4615,76200,349525500,0,0
2022-03-01,4615,4630,4535,4575,61400,280862500,0,0
2022-03-02,4435,4620,4435,4490,73400,332141000,0,0
2022-03-03,4465,4520,4435,4460,50200,224152000,0,0
2022-03-04,4450,4450,4220,4240,75200,321340000,0,0
2022-03-07,4145,4215,3935,3955,130800,522137500,0,0
2022-03-08,3895,4005,3875,3910,72000,282270500,0,0
2022-03-09,3910,3970,3850,3875,56000,218660500,0,0
2022-03-10,4085,4130,4040,4075,85300,347530000,0,0
2022-03-11,3970,4000,3855,3870,58600,228741500,0,0
2022-03-14,3880,3895,3840,3845,54600,211240000,0,0
2022-03-15,3845,3955,3830,3910,52800,206602000,0,0
2022-03-16,3955,3965,3880,3920,63400,249127500,0,0
2022-03-17,4060,4160,4035,4090,90400,370126000,0,0
2022-03-18,4035,4175,4025,4170,90700,374733500,0,0
2022-03-22,4220,4325,4110,4145,68000,284979500,0,0
2022-03-23,4145,4270,4105,4225,102600,430756500,0,0
2022-03-24,4210,4245,4130,4245,55700,233639500,0,0
2022-03-25,4260,4295,4220,4265,53500,227602000,0,0
2022-03-28,4310,4360,4270,4310,60000,259105500,0,0
2022-03-29,4330,4410,4290,4405,62000,271335000,0,0
2022-03-30,4445,4515,4405,4510,94300,420895500,0,0
2022-03-31,4455,4535,4425,4510,98400,441845500,0,0
2022-04-01,4300,4410,4225,4350,107400,466295000,0,0
2022-04-04,4280,4330,4230,4280,120300,513286500,0,0
2022-04-05,4330,4370,4235,4265,72900,311334000,0,0
2022-04-06,4195,4195,4050,4065,68600,280480500,0,0
2022-04-07,4000,4040,3920,3960,72300,286523000,0,0
2022-04-08,3970,4030,3920,4005,73300,291384500,0,0
2022-04-11,4000,4050,3965,3985,50100,200308000,0,0
2022-04-12,3970,3990,3925,3940,59600,235616000,0,0
2022-04-13,3925,4000,3905,3990,59300,235434500,0,0
2022-04-14,4010,4045,3980,3995,18200,72930500,0,0
2022-04-15,3950,3955,3915,3925,30800,120966000,0,0
2022-04-18,3920,3925,3785,3810,64100,244865000,0,0
2022-04-19,3845,3880,3820,3830,38500,147978000,0,0
2022-04-20,3860,3860,3785,3805,41700,159053000,0,0
2022-04-21,3815,3940,3805,3935,56600,221181500,0,0
2022-04-22,3885,3905,3805,3835,57800,221607500,0,0
2022-04-25,3750,3750,3700,3710,71300,264724000,0,0
2022-04-26,3770,3770,3685,3720,56400,209819500,0,0
2022-04-27,3650,3690,3615,3670,117400,429403500,0,0
2022-04-28,3730,3855,3715,3840,60500,230881500,0,0
2022-05-02,3845,3865,3740,3760,45900,173651000,0,0
2022-05-06,3780,3870,3755,3845,80000,305383500,0,0
2022-05-09,3840,3870,3750,3770,72000,273120500,0,0
2022-05-10,3770,3880,3630,3760,152300,573797000,0,0
2022-05-11,3715,3890,3700,3865,93200,356894500,0,0
2022-05-12,3865,3865,3710,3715,35800,134234500,0,0
2022-05-13,3665,3780,3655,3765,38500,144179500,0,0
2022-05-16,3830,3880,3780,3795,66000,253020500,0,0
2022-05-17,3745,3815,3735,3810,28300,107252500,0,0
2022-05-18,3825,3865,3775,3840,44000,168251000,0,0
2022-05-19,3700,3750,3685,3735,37500,139618000,0,0
2022-05-20,3735,3795,3720,3775,27800,104650500,0,0
2022-05-23,3810,3835,3775,3795,29800,113260000,0,0
2022-05-24,3750,3765,3685,3700,39400,146493000,0,0
2022-05-25,3680,3695,3630,3655,73400,269216500,0,0
2022-05-26,3665,3725,3630,3665,63000,231057000,0,0
2022-05-27,3805,3870,3750,3780,101300,384356500,0,0
2022-05-30,3845,3960,3830,3915,179000,700011000,0,0
2022-05-31,3900,3930,3835,3850,66900,258963500,0,0
2022-06-01,3870,3940,3870,3925,32400,126680000,0,0
2022-06-02,3920,3935,3865,3915,31200,122127000,0,0
2022-06-03,3945,3975,3920,3955,39900,157526000,0,0
2022-06-06,3940,4015,3920,4010,53600,213822500,0,0
2022-06-07,4025,4025,3960,3970,32100,127908000,0,0
2022-06-08,4010,4090,4000,4075,54700,222071500,0,0
2022-06-09,4005,4035,3935,3995,71300,284329000,0,0
2022-06-10,3950,3965,3880,3880,108300,423792000,0,0
2022-06-13,3755,3765,3720,3720,62400,233124500,0,0
2022-06-14,3640,3700,3630,3680,61400,224796000,0,0
2022-06-15,3660,3690,3620,3620,57400,209179500,0,0
2022-06-16,3680,3705,3595,3605,56900,206991000,0,0
2022-06-17,3525,3525,3480,3520,91400,320680500,0,0
2022-06-20,3535,3535,3425,3430,67300,233491000,0,0
2022-06-21,3500,3575,3470,3540,42400,149355000,0,0
2022-06-22,3600,3610,3515,3515,43000,152548000,0,0
2022-06-23,3500,3515,3420,3445,72400,250114500,0,0
2022-06-24,3500,3585,3485,3570,66200,234505000,0,0
2022-06-27,3570,3650,3570,3650,73100,264242000,0,0
2022-06-28,3665,3680,3625,3655,37400,136740000,0,0
2022-06-29,3650,3685,3620,3665,114600,419657000,0,0
2022-06-30,3620,3625,3535,3550,72700,259385500,0,0
2022-07-01,3500,3530,3315,3355,190800,650607000,0,0
2022-07-04,3395,3460,3360,3400,43800,149180500,0,0
2022-07-05,3440,3470,3355,3395,54700,186252000,0,0
2022-07-06,3405,3445,3365,3375,33700,114396000,0,0
2022-07-07,3400,3460,3370,3440,28800,98734000,0,0
2022-07-08,3475,3560,3475,3480,75300,264297500,0,0
2022-07-11,3580,3590,3500,3520,34700,122739500,0,0
2022-07-12,3515,3515,3350,3375,59700,202573000,0,0
2022-07-13,3385,3415,3360,3385,24000,81253500,0,0
2022-07-14,3340,3375,3325,3375,55800,187073500,0,0
2022-07-15,3360,3365,3295,3340,79300,264379000,0,0
2022-07-19,3340,3370,3300,3370,57300,192159000,0,0
2022-07-20,3440,3495,3415,3480,66900,231971000,0,0
2022-07-21,3460,3525,3440,3520,48000,167486000,0,0
2022-07-22,3505,3520,3465,3510,43200,151255000,0,0
2022-07-25,3495,3495,3405,3450,121700,417915000,0,0
2022-07-26,3445,3515,3435,3450,74600,259134000,0,0
2022-07-27,3390,3405,3350,3405,108700,368187500,0,0
2022-07-28,3425,3460,3395,3430,75700,259401500,0,0
2022-07-29,3450,3475,3385,3395,60500,206741000,0,0
2022-08-01,3555,3585,3475,3475,159600,559277500,0,0
2022-08-02,3425,3445,3375,3420,151600,517507000,0,0
2022-08-03,3505,3595,3470,3565,179200,635036500,0,0
2022-08-04,3660,3675,3600,3630,143600,521433500,0,0
2022-08-05,3640,3710,3595,3690,110900,406357500,0,0
2022-08-08,3655,3675,3580,3605,104900,378068000,0,0
2022-08-09,3595,3620,3535,3555,70600,251688500,0,0
2022-08-10,3515,3535,3450,3500,80000,279125500,0,0
2022-08-12,3585,3595,3535,3585,91400,326678500,0,0
2022-08-15,3645,3690,3635,3685,50300,184581000,0,0
2022-08-16,3720,3720,3600,3605,82600,301707500,0,0
2022-08-17,3590,3620,3550,3560,64800,231497000,0,0
2022-08-18,3515,3515,3465,3515,79300,276947000,0,0
2022-08-19,3550,3550,3505,3510,36300,127760500,0,0
2022-08-22,3465,3470,3440,3465,47000,162563000,0,0
2022-08-23,3410,3435,3400,3420,42500,145222500,0,0
2022-08-24,3420,3430,3395,3420,59500,203198500,0,0
2022-08-25,3420,3475,3395,3455,63600,218578500,0,0
2022-08-26,3510,3525,3475,3480,39500,137970000,0,0
2022-08-29,3380,3445,3370,3445,81200,277107500,0,0
2022-08-30,3475,3515,3455,3485,56200,195951500,0,0
2022-08-31,3455,3545,3440,3540,92600,324927500,0,0
2022-09-01,3485,3500,3460,3475,68000,236484500,0,0
2022-09-02,3480,3480,3410,3420,71100,243508000,0,0
2022-09-05,3390,3430,3370,3425,60700,206563000,0,0
2022-09-06,3440,3460,3405,3440,50100,172160000,0,0
2022-09-07,3410,3425,3380,3420,85500,291007500,0,0
2022-09-08,3480,3480,3425,3445,63500,219253000,0,0
2022-09-09,3450,3475,3435,3475,68600,237181000,0,0
2022-09-12,3510,3515,3475,3475,33200,115878000,0,0
2022-09-13,3495,3495,3450,3485,36500,126799500,0,0
2022-09-14,3400,3460,3400,3410,89600,306620500,0,0
2022-09-15,3415,3425,3390,3425,60600,206564500,0,0
2022-09-16,3385,3405,3370,3380,111600,377640500,0,0
2022-09-20,3510,3565,3435,3460,262000,915993500,0,0
2022-09-21,3410,3445,3390,3430,115500,394675000,0,0
2022-09-22,3390,3410,3380,3405,65600,222763500,0,0
2022-09-26,3345,3345,3190,3195,221100,717904000,0,0
2022-09-27,3180,3190,3125,3180,245900,778145500,0,0
2022-09-28,3205,3225,3120,3175,95700,302103500,0,0
2022-09-29,3215,3225,3115,3135,106500,334827500,0,0
2022-09-30,3095,3130,3065,3110,85600,265382000,0,0
2022-10-03,3095,3180,3060,3145,86400,269953000,0,0
2022-10-04,3205,3230,3180,3215,91200,292914500,0,0
2022-10-05,3285,3335,3255,3335,152500,504982500,0,0
2022-10-06,3300,3345,3285,3300,89300,296041500,0,0
2022-10-07,3230,3265,3185,3215,89600,288817000,0,0
2022-10-11,3155,3215,3150,3165,90600,287502500,0,0
2022-10-12,3150,3185,3070,3110,117000,364799500,0,0
2022-10-13,3110,3155,3085,3115,76100,237529000,0,0
2022-10-14,3185,3195,3130,3145,53600,169355500,0,0
2022-10-17,3100,3145,3060,3070,69700,214355000,0,0
2022-10-18,3130,3140,3095,3120,53900,168126500,0,0
2022-10-19,3125,3185,3120,3170,56300,177848500,0,0
2022-10-20,3185,3185,3110,3125,74800,234752000,0,0
2022-10-21,3120,3130,3080,3115,76200,236824500,0,0
2022-10-24,3225,3320,3215,3270,134800,440282000,0,0
2022-10-25,3270,3360,3270,3335,89900,299461500,0,0
2022-10-26,3360,3365,3310,3310,65000,217097000,0,0
2022-10-27,3305,3315,3270,3280,42100,138440500,0,0
2022-10-28,3245,3330,3230,3295,167300,551566500,0,0
2022-10-31,3365,3390,3320,3365,110700,371965000,0,0
2022-11-01,3375,3435,3300,3345,115500,386051000,0,0
2022-11-02,3315,3325,3225,3240,110500,359308000,0,0
2022-11-04,3240,3255,3210,3220,60500,195077000,0,0
2022-11-07,3255,3290,3245,3260,49100,160372000,0,0
2022-11-08,3285,3285,3250,3280,54300,177746500,0,0
2022-11-09,3295,3380,3290,3380,66700,223507000,0,0
2022-11-10,3295,3375,3275,3360,134600,448845500,0,0
2022-11-11,3455,3500,3425,3460,146500,506960000,0,0
2022-11-14,3460,3510,3400,3410,116200,401497000,0,0
2022-11-15,3375,3535,3330,3515,137500,474013000,0,0
2022-11-16,3495,3535,3460,3505,128500,450364000,0,0
2022-11-17,3475,3485,3410,3480,108600,374701000,0,0
2022-11-18,3550,3625,3550,3585,207600,744656500,0,0
2022-11-21,3580,3645,3550,3625,120700,435220500,0,0
2022-11-22,3600,3620,3565,3590,93900,337451500,0,0
2022-11-24,3635,3695,3610,3695,80300,294202000,0,0
2022-11-25,3670,3670,3625,3635,76300,277967000,0,0
2022-11-28,3640,3640,3545,3600,100100,359041500,0,0
2022-11-29,3565,3570,3505,3540,67000,236966000,0,0
2022-11-30,3520,3535,3485,3525,66400,233419500,0,0
2022-12-01,3585,3620,3530,3610,86400,309516500,0,0
2022-12-02,3580,3590,3505,3510,83300,293591500,0,0
2022-12-05,3515,3560,3510,3535,62000,219147000,0,0
2022-12-06,3495,3505,3460,3475,45200,157497500,0,0
2022-12-07,3425,3450,3395,3395,72700,248308500,0,0
2022-12-08,3395,3460,3395,3450,74600,256088500,0,0
2022-12-09,3475,3500,3460,3480,86100,299258500,0,0
2022-12-12,3480,3505,3450,3490,47300,165078000,0,0
2022-12-13,3495,3520,3490,3500,74300,259934500,0,0
2022-12-14,3525,3565,3515,3560,39300,139389500,0,0
2022-12-15,3535,3560,3520,3545,58300,206410500,0,0
2022-12-16,3510,3520,3485,3500,104300,365350500,0,0
2022-12-19,3460,3510,3460,3500,69800,243692000,0,0
2022-12-20,3500,3515,3430,3475,312400,1087623000,0,0
2022-12-21,3450,3480,3410,3435,186300,641720500,0,0
2022-12-22,3495,3500,3440,3475,136500,473011000,0,0
2022-12-23,3470,3475,3440,3475,146100,505658500,0,0
2022-12-26,3440,3455,3315,3340,161300,540308000,0,0
2022-12-27,3360,3370,3335,3335,37100,124341000,0,0
2022-12-28,3330,3385,3330,3375,82600,278279000,0,0
2022-12-29,3350,3400,3330,3400,72500,244392000,0,0
2022-12-30,3415,3440,3385,3400,61000,207751500,0,0
2023-01-04,3375,3390,3340,3365,53900,181571000,0,0
2023-01-05,3345,3415,3345,3400,45900,155803000,0,0
2023-01-06,3400,3420,3390,3420,39100,133318500,0,0
2023-01-10,3455,3470,3420,3450,76600,264020000,0,0
2023-01-11,3485,3515,3475,3500,42000,146899000,0,0
2023-01-12,3490,3505,3465,3470,46200,160844500,0,0
2023-01-13,3425,3480,3425,3460,65900,227746500,0,0
2023-01-16,3395,3405,3320,3325,80900,270991500,0,0
2023-01-17,3325,3440,3325,3415,47500,161812500,0,0
2023-01-18,3415,3485,3395,3435,42700,146679500,0,0
2023-01-19,3435,3455,3420,3420,23900,82072000,0,0
2023-01-20,3440,3460,3430,3435,33700,116013000,0,0
2023-01-23,3490,3535,3465,3525,55700,195405500,0,0
2023-01-24,3595,3670,3585,3660,93700,341560500,0,0
2023-01-25,3645,3700,3610,3655,73900,270075500,0,0
2023-01-26,3640,3675,3630,3660,45400,165799000,0,0
2023-01-27,3650,3725,3650,3695,85000,314166000,0,0
2023-01-30,3675,3685,3650,3675,66200,242998000,0,0
2023-01-31,3675,3725,3655,3670,108600,400307000,0,0
2023-02-01,3725,3740,3590,3650,300300,1096160500,0,0
2023-02-02,3745,3750,3560,3580,146600,531543000,0,0
2023-02-03,3580,3650,3570,3625,111000,401576000,0,0
2023-02-06,3650,3660,3580,3625,65800,237993000,0,0
2023-02-07,3625,3650,3610,3635,52500,190447500,0,0
2023-02-08,3670,3680,3595,3615,52400,189351000,0,0
2023-02-09,3590,3655,3585,3640,42300,153466000,0,0
2023-02-10,3615,3675,3610,3640,55200,201434000,0,0
2023-02-13,3620,3650,3610,3625,68200,247482000,0,0
2023-02-14,3650,3670,3635,3660,41300,150985000,0,0
2023-02-15,3675,3700,3650,3685,54800,201395500,0,0
2023-02-16,3730,3760,3705,3730,65500,244581000,0,0
2023-02-17,3680,3695,3645,3665,66100,242445500,0,0
2023-02-20,3650,3665,3635,3645,43800,159757000,0,0
2023-02-21,3665,3695,3655,3695,47500,174757000,0,0
2023-02-22,3670,3675,3645,3655,62400,228213500,0,0
2023-02-24,3690,3780,3680,3780,81300,304110500,0,0
2023-02-27,3775,3775,3705,3715,67300,251450000,0,0
2023-02-28,3740,3740,3700,3710,35200,130735000,0,0
2023-03-01,3700,3750,3680,3750,53400,198888500,0,0
2023-03-02,3740,3745,3665,3680,48000,177620500,0,0
2023-03-03,3715,3745,3685,3745,42600,158856500,0,0
2023-03-06,3775,3810,3765,3800,40800,154722500,0,0
2023-03-07,3815,3860,3800,3850,63300,243152500,0,0
2023-03-08,3795,3825,3775,3780,75800,287679000,0,0
2023-03-09,3820,3860,3815,3855,41900,161072500,0,0
2023-03-10,3805,3835,3790,3835,58500,223239500,0,0
2023-03-13,3865,3910,3835,3875,150800,583460500,0,0
2023-03-14,3815,3815,3700,3755,184700,691073500,0,0
2023-03-15,3770,3805,3755,3765,76000,286735500,0,0
2023-03-16,3675,3740,3665,3680,95900,354142500,0,0
2023-03-17,3740,3745,3690,3730,74500,277509000,0,0
2023-03-20,3690,3690,3600,3615,145500,527577000,0,0
2023-03-22,3680,3775,3660,3750,75500,281739500,0,0
2023-03-23,3750,3780,3730,3775,59100,222234000,0,0
2023-03-24,3745,3750,3665,3675,109400,404325000,0,0
2023-03-27,3695,3715,3675,3695,54200,200457500,0,0
2023-03-28,3700,3720,3680,3720,34000,126123500,0,0
2023-03-29,3725,3805,3720,3805,65000,245584000,0,0
2023-03-30,3810,3830,3755,3795,42900,162604000,0,0
2023-03-31,3795,3815,3740,3765,88200,332462500,0,0
2023-04-03,3840,3840,3805,3835,88100,337325000,0,0
2023-04-04,3830,3830,3775,3795,66100,250836500,0,0
2023-04-05,3760,3760,3715,3735,56100,209422000,0,0
2023-04-06,3665,3665,3585,3590,105300,379794500,0,0
2023-04-07,3595,3650,3575,3635,55100,199135000,0,0
2023-04-10,3660,3660,3605,3630,44900,163057000,0,0
2023-04-11,3675,3690,3650,3655,72500,265769000,0,0
2023-04-12,3650,3660,3635,3660,72100,263374000,0,0
2023-04-13,3650,3670,3635,3650,70800,258560000,0,0
2023-04-14,3675,3740,3625,3710,117200,433756000,0,0
2023-04-17,3745,3745,3700,3715,40100,149087000,0,0
2023-04-18,3700,3715,3650,3650,88800,325687000,0,0
2023-04-19,3630,3670,3625,3670,90200,328756000,0,0
2023-04-20,3650,3695,3650,3670,57800,212315000,0,0
2023-04-21,3660,3745,3660,3735,75000,278766000,0,0
2023-04-24,3750,3760,3715,3720,34900,130275000,0,0
2023-04-25,3760,3760,3680,3690,33000,122533000,0,0
2023-04-26,3650,3670,3640,3650,52400,191351000,0,0
2023-04-27,3650,3720,3625,3720,72800,268482000,0,0
2023-04-28,3780,3800,3740,3765,93700,353046000,0,0
2023-05-01,3810,3815,3740,3750,51200,192893000,0,0
2023-05-02,3775,3790,3745,3770,38300,144454000,0,0
2023-05-08,3770,3795,3740,3765,50000,187952000,0,0
2023-05-09,3770,3805,3765,3790,26400,100005500,0,0
2023-05-10,3800,3815,3720,3735,34300,128539500,0,0
2023-05-11,3700,3740,3685,3705,36000,133311500,0,0
2023-05-12,3635,3650,3500,3595,195500,698090500,0,0
2023-05-15,3550,3555,3450,3475,172300,601311000,0,0
2023-05-16,3475,3580,3470,3580,156500,550609000,0,0
2023-05-17,3600,3640,3595,3630,79800,288874500,0,0
2023-05-18,3700,3825,3695,3800,115700,438544000,0,0
2023-05-19,3850,3910,3805,3905,123600,478268500,0,0
2023-05-22,3900,3945,3860,3940,69000,270127500,0,0
2023-05-23,3990,4025,3950,3950,99700,397591500,0,0
2023-05-24,3950,4005,3935,3945,44800,177305000,0,0
2023-05-25,3945,4065,3945,4035,61200,246551500,0,0
2023-05-26,4100,4130,4040,4040,88500,360265500,0,0
2023-05-29,4110,4120,3990,4010,93600,377108500,0,0
2023-05-30,4000,4050,4000,4035,44400,178778500,0,0
2023-05-31,3965,3975,3850,3875,122600,476302500,0,0
2023-06-01,3880,3965,3880,3945,103300,405721000,0,0
2023-06-02,3960,4050,3960,4015,51900,208448500,0,0
2023-06-05,4090,4090,4035,4035,34900,141373500,0,0
2023-06-06,3995,4040,3970,4020,66900,268357500,0,0
2023-06-07,4020,4060,3950,3965,81600,325204000,0,0
2023-06-08,3970,3990,3910,3935,44300,174680500,0,0
2023-06-09,4000,4000,3930,3950,48600,192926000,0,0
2023-06-12,3965,4015,3965,3970,48300,192394500,0,0
2023-06-13,4005,4065,4005,4050,86000,348281500,0,0
2023-06-14,4095,4125,4080,4125,66200,271722000,0,0
2023-06-15,4125,4125,4035,4050,71200,289235000,0,0
2023-06-16,4035,4110,3990,4095,87100,354822000,0,0
2023-06-19,4235,4235,4145,4210,114600,480596000,0,0
2023-06-20,4210,4230,4190,4220,56400,237531500,0,0
2023-06-21,4150,4220,4150,4205,43700,183127500,0,0
2023-06-22,4245,4250,4195,4200,68000,286689500,0,0
2023-06-23,4215,4255,4150,4200,89800,376129500,0,0
2023-06-26,4250,4435,4230,4375,142200,621049000,0,0
2023-06-27,4365,4390,4335,4350,86500,376754000,0,0
2023-06-28,4380,4450,4355,4445,75000,331257000,0,0
2023-06-29,4495,4505,4455,4480,98000,439238500,0,0
2023-06-30,4500,4500,4445,4500,94200,421933500,0,0
2023-07-03,4625,4705,4625,4670,99700,465505000,0,0
2023-07-04,4680,4765,4665,4740,133400,629968500,0,0
2023-07-05,4720,4730,4605,4725,133600,625686000,0,0
2023-07-06,4655,4680,4560,4570,127900,587960000,0,0
2023-07-07,4550,4570,4500,4500,71900,325096000,0,0
2023-07-10,4500,4570,4495,4505,77000,347963000,0,0
2023-07-11,4555,4560,4450,4470,72200,323945500,0,0
2023-07-12,4480,4480,4385,4425,54900,243066500,0,0
2023-07-13,4460,4460,4365,4440,45800,202950000,0,0
2023-07-14,4500,4525,4435,4510,48700,218820000,0,0
2023-07-18,4525,4570,4525,4535,45800,208123000,0,0
2023-07-19,4640,4660,4605,4615,81800,378966000,0,0
2023-07-20,4615,4620,4555,4555,39200,179264000,0,0
2023-07-21,4520,4540,4450,4500,59100,265899000,0,0
2023-07-24,4535,4545,4490,4515,41400,187143000,0,0
2023-07-25,4515,4520,4465,4495,60600,272222000,0,0
2023-07-26,4470,4495,4450,4470,67200,300470500,0,0
2023-07-27,4380,4435,4370,4435,60500,266810500,0,0
2023-07-28,4365,4480,4355,4465,71400,315884500,0,0
2023-07-31,4535,4550,4465,4475,66000,296904000,0,0
2023-08-01,4200,4385,4005,4345,261000,1112224500,0,0
2023-08-02,4395,4460,4290,4320,162600,705167000,0,0
2023-08-03,4280,4315,4260,4270,94900,406616500,0,0
2023-08-04,4250,4350,4250,4265,102400,439939500,0,0
2023-08-07,4225,4315,4215,4295,112100,479944000,0,0
2023-08-08,4335,4335,4260,4285,110400,473217000,0,0
2023-08-09,4285,4320,4225,4300,82500,354251500,0,0
2023-08-10,4285,4380,4225,4370,89400,387177000,0,0
2023-08-14,4320,4345,4245,4250,85000,364657000,0,0
2023-08-15,4250,4280,4220,4250,75900,322432000,0,0
2023-08-16,4190,4290,4190,4255,94100,400199500,0,0
2023-08-17,4225,4255,4210,4255,89300,377989000,0,0
2023-08-18,4215,4235,4170,4200,73100,307053000,0,0
2023-08-21,4200,4200,4155,4155,80500,336098000,0,0
2023-08-22,4175,4235,4175,4205,77000,323548000,0,0
2023-08-23,4150,4185,4130,4170,77000,320668000,0,0
2023-08-24,4210,4255,4195,4200,84700,356971500,0,0
2023-08-25,4155,4205,4140,4150,56800,236756000,0,0
2023-08-28,4175,4245,4175,4235,89500,377970000,0,0
2023-08-29,4240,4250,4155,4160,75100,314153000,0,0
2023-08-30,4180,4205,4165,4175,245100,1024790000,0,0
2023-08-31,4175,4280,4175,4275,97400,413057500,0,0
2023-09-01,4245,4265,4225,4240,55100,233672000,0,0
2023-09-04,4240,4335,4240,4325,46500,200360500,0,0
2023-09-05,4330,4390,4305,4380,53700,233646500,0,0
2023-09-06,4380,4395,4325,4340,48400,210510000,0,0
2023-09-07,4305,4355,4305,4315,45300,196123000,0,0
2023-09-08,4300,4320,4150,4150,84100,353467500,0,0
2023-09-11,4150,4165,4060,4075,47700,195443000,0,0
2023-09-12,4100,4115,4070,4080,37600,153516500,0,0
2023-09-13,4070,4100,4055,4065,76000,309447000,0,0
2023-09-14,4085,4160,4065,4150,77100,317726500,0,0
2023-09-15,4170,4190,4140,4140,83400,346776500,0,0
2023-09-19,4000,4045,3935,3990,241600,962840000,0,0
2023-09-20,3990,4035,3915,3915,139300,550957000,0,0
2023-09-21,3905,3945,3870,3870,87800,342182000,0,0
2023-09-22,3850,3870,3820,3840,69900,268738500,0,0
2023-09-25,3885,3910,3845,3900,84800,329786500,0,0
2023-09-26,3900,3930,3840,3850,75900,293743000,0,0
2023-09-27,3815,3895,3810,3885,111200,429664000,0,0
2023-09-28,3885,3890,3790,3860,128500,494656000,0,0
2023-09-29,3910,3930,3855,3930,151400,591992500,0,0
2023-10-02,3930,3960,3855,3865,77700,303090500,0,0
2023-10-03,3865,3910,3845,3880,87400,339714500,0,0
2023-10-04,3835,3890,3820,3860,110000,424879000,0,0
2023-10-05,3960,4080,3920,4070,120800,486720000,0,0
2023-10-06,4040,4055,3965,3970,55100,220008500,0,0
2023-10-10,4030,4085,4020,4030,98600,398977500,0,0
2023-10-11,3990,4025,3960,3990,47900,191108500,0,0
2023-10-12,4045,4235,4000,4210,95400,395341500,0,0
2023-10-13,4190,4240,4165,4185,86700,363798000,0,0
2023-10-16,4130,4145,4065,4135,59700,245937000,0,0
2023-10-17,4175,4230,4140,4165,52300,218125000,0,0
2023-10-18,4205,4220,4160,4210,32400,135904000,0,0
2023-10-19,4110,4130,4050,4100,47800,196101500,0,0
2023-10-20,4080,4135,4080,4085,41700,171153000,0,0
2023-10-23,4040,4090,4040,4045,57500,233583000,0,0
2023-10-24,4060,4115,3995,4085,76100,309178000,0,0
2023-10-25,4100,4135,3990,4010,82600,334754000,0,0
2023-10-26,4010,4015,3865,3875,78100,305644500,0,0
2023-10-27,3940,4050,3940,4050,118000,473993500,0,0
2023-10-30,3980,4065,3980,4055,361100,1461481500,0,0
2023-10-31,4030,4060,3925,4055,157800,631983500,0,0
2023-11-01,3850,3970,3795,3845,145600,561965500,0,0
2023-11-02,3925,4030,3925,4020,72500,288907000,0,0
2023-11-06,4090,4180,4020,4155,88100,362814500,0,0
2023-11-07,4155,4205,4095,4105,55100,227560000,0,0
2023-11-08,4045,4105,4045,4085,44000,179693000,0,0
2023-11-09,4100,4200,4100,4195,35600,148050000,0,0
2023-11-10,4240,4245,4150,4205,42200,177131500,0,0
2023-11-13,4220,4280,4175,4200,43800,184506500,0,0
2023-11-14,4215,4235,4140,4210,49000,205828500,0,0
2023-11-15,4265,4325,4240,4290,77900,334141500,0,0
2023-11-16,4225,4235,4145,4185,74900,313302500,0,0
2023-11-17,4215,4235,4145,4150,57100,238108000,0,0
2023-11-20,4160,4175,4090,4090,70700,291148000,0,0
2023-11-21,4090,4205,4085,4195,62900,261763000,0,0
2023-11-22,4180,4265,4160,4190,47600,200037000,0,0
2023-11-24,4200,4280,4200,4240,20100,85475500,0,0
2023-11-27,4265,4270,4185,4215,28100,118744500,0,0
2023-11-28,4285,4285,4235,4245,33800,143663000,0,0
2023-11-29,4270,4350,4235,4335,50300,217308000,0,0
2023-11-30,4330,4390,4315,4385,46700,204074000,0,0
2023-12-01,4390,4390,4300,4345,78500,341932000,0,0
2023-12-04,4230,4260,4190,4195,62600,263951000,0,0
2023-12-05,4125,4125,4010,4030,101600,411338500,0,0
2023-12-06,4005,4095,4005,4065,138500,561678500,0,0
2023-12-07,3985,4010,3900,3900,69900,275876000,0,0
2023-12-08,3850,3865,3805,3860,97500,374549500,0,0
2023-12-11,3850,3920,3850,3895,41000,159518000,0,0
2023-12-12,3920,3935,3845,3850,38100,147656000,0,0
2023-12-13,3865,3930,3840,3910,62600,244226000,0,0
2023-12-14,3995,4045,3985,4000,83800,336002500,0,0
2023-12-15,4000,4190,3995,4140,114600,473786500,0,0
2023-12-18,4090,4200,4090,4170,63900,265446500,0,0
2023-12-19,4170,4170,4070,4150,70000,287895500,0,0
2023-12-20,4215,4255,4110,4120,77100,320700000,0,0
2023-12-21,4090,4215,4090,4150,118600,494936000,0,0
2023-12-22,4170,4240,4170,4200,38100,160169000,0,0
2023-12-25,4225,4235,4145,4160,27300,114191500,0,0
2023-12-26,4125,4170,4125,4165,33200,137951500,0,0
2023-12-27,4200,4250,4200,4240,45000,190288500,0,0
2023-12-28,4205,4215,4170,4185,21800,91228500,0,0
2023-12-29,4200,4200,4160,4175,21000,87683000,0,0
2024-01-04,4165,4165,4085,4150,52300,215520000,0,0
2024-01-05,4180,4200,4070,4110,49500,203896500,0,0
2024-01-09,4150,4360,4150,4315,104400,447527000,0,0
2024-01-10,4300,4470,4300,4425,138300,611668500,0,0
2024-01-11,4435,4465,4390,4440,87800,388699000,0,0
2024-01-12,4465,4490,4400,4475,102900,458822000,0,0
2024-01-15,4475,4540,4440,4530,80000,360681500,0,0
2024-01-16,4510,4510,4265,4265,55500,242174500,0,0
2024-01-17,4295,4325,4130,4160,91800,384429500,0,0
2024-01-18,4160,4190,4105,4105,55800,230522000,0,0
2024-01-19,4175,4275,4170,4230,78700,333034000,0,0
2024-01-22,4325,4420,4300,4415,64800,282804000,0,0
2024-01-23,4410,4435,4335,4360,73900,322997000,0,0
2024-01-24,4225,4260,4195,4230,106900,450631500,0,0
2024-01-25,4240,4425,4240,4395,133100,580076000,0,0
2024-01-26,4305,4320,4180,4200,71700,303395000,0,0
2024-01-29,4230,4255,4140,4250,115000,484606000,0,0
2024-01-30,4255,4255,4180,4240,93100,392106500,0,0
2024-01-31,4130,4195,4130,4185,134600,560694500,0,0
2024-02-01,4255,4440,4255,4340,301800,1306913000,0,0
2024-02-02,4380,4580,4380,4560,185400,833598000,0,0
2024-02-05,4630,4735,4565,4715,234500,1096479000,0,0
2024-02-06,4715,4715,4630,4645,75100,350780000,0,0
2024-02-07,4595,4660,4550,4590,92700,426408000,0,0
2024-02-08,4550,4575,4475,4555,99100,449493000,0,0
2024-02-09,4585,4585,4470,4490,67800,306011000,0,0
2024-02-13,4510,4640,4510,4625,65500,301390500,0,0
2024-02-14,4605,4760,4560,4760,87100,406743000,0,0
2024-02-15,4780,4790,4620,4655,101300,472990500,0,0
2024-02-16,4700,4770,4620,4700,100400,471896500,0,0
2024-02-19,4705,4720,4625,4665,47400,220911500,0,0
2024-02-20,4665,4665,4535,4605,61800,284883500,0,0
2024-02-21,4600,4650,4555,4555,47400,217522000,0,0
2024-02-22,4795,4795,4685,4775,84900,403010500,0,0
2024-02-26,4855,4945,4835,4875,111100,543522500,0,0
2024-02-27,4875,4915,4810,4840,97600,473450500,0,0
2024-02-28,4845,4895,4820,4820,88300,427918500,0,0
2024-02-29,4780,4880,4765,4840,89900,433484000,0,0
2024-03-01,4850,4950,4800,4940,78500,384475000,0,0
2024-03-04,5200,5200,5040,5060,164800,838898000,0,0
2024-03-05,5020,5200,5000,5170,92800,474905000,0,0
2024-03-06,5150,5180,5090,5180,101300,521319000,0,0
2024-03-07,5200,5240,4850,4850,162600,816414000,0,0
2024-03-08,4780,4790,4580,4695,302700,1424986000,0,0
2024-03-11,4625,4760,4625,4750,106100,500074000,0,0
2024-03-12,4695,4895,4680,4880,81100,389534000,0,0
2024-03-13,5010,5260,5000,5000,251200,1280453000,0,0
2024-03-14,4970,5010,4875,4875,104100,511123500,0,0
2024-03-15,4815,4855,4780,4835,150900,728338000,0,0
2024-03-18,4850,5080,4850,5070,88300,439628500,0,0
2024-03-19,4970,5050,4955,5000,108800,543290500,0,0
2024-03-21,5070,5100,4940,4950,137100,687184000,0,0
2024-03-22,4900,4990,4830,4955,84300,415275500,0,0
2024-03-25,4975,5040,4870,4875,115300,568495500,0,0
2024-03-26,4805,4855,4720,4755,150300,716332500,0,0
2024-03-27,4760,4770,4695,4710,137400,649211000,0,0
2024-03-28,4650,4685,4535,4595,159700,732808000,0,0
2024-03-29,4620,4660,4525,4605,122900,564847000,0,0
2024-04-01,4615,4690,4465,4480,80600,364910500,0,0
2024-04-02,4450,4500,4395,4415,154800,686583000,0,0
2024-04-03,4405,4415,4310,4345,113800,496169500,0,0
2024-04-04,4405,4550,4375,4420,134600,602629500,0,0
2024-04-05,4315,4375,4220,4255,237000,1013006000,0,0
2024-04-08,4295,4305,4185,4230,116700,494639500,0,0
2024-04-09,4250,4275,4170,4275,186100,785986000,0,0
2024-04-10,4275,4305,4210,4225,113000,480382000,0,0
2024-04-11,4245,4335,4245,4330,140300,603342500,0,0
2024-04-12,4370,4375,4295,4300,106400,459704500,0,0
2024-04-15,4180,4245,4180,4230,86300,364353000,0,0
2024-04-16,4185,4245,4155,4190,103400,434467000,0,0
2024-04-17,4230,4330,4225,4270,123500,528464500,0,0
2024-04-18,4220,4350,4205,4315,109100,469246000,0,0
2024-04-19,4230,4250,4070,4120,124800,516710000,0,0
2024-04-22,4120,4145,4005,4045,136700,555075500,0,0
2024-04-23,4090,4110,3990,4025,115600,466696500,0,0
2024-04-24,4055,4150,4040,4095,124900,513617000,0,0
2024-04-25,4045,4045,3940,3950,142800,568702000,0,0
2024-04-26,3950,4040,3915,4010,201700,806271000,0,0
2024-04-30,4010,4070,3970,4070,168100,679890500,0,0
2024-05-01,4000,4090,3985,4040,111900,451624500,0,0
2024-05-02,4085,4090,4000,4050,98600,399005500,0,0
2024-05-07,4050,4130,4045,4090,96600,394681500,0,0
2024-05-08,4130,4205,4110,4160,147000,611792000,0,0
2024-05-09,4135,4260,4115,4205,86200,362498500,0,0
2024-05-10,4200,4235,4140,4190,163200,681725500,0,0
2024-05-13,3950,3965,3780,3915,383600,1498052000,0,0
2024-05-14,3875,3885,3670,3705,224600,841254500,0,0
2024-05-15,3730,3815,3705,3705,156900,588504500,0,0
2024-05-16,3775,3855,3750,3800,117200,446320500,0,0
2024-05-17,3800,3895,3775,3850,118900,456543500,0,0
2024-05-20,3890,3975,3860,3905,83800,328928500,0,0
2024-05-21,3970,4000,3915,3925,104900,413955000,0,0
2024-05-22,3900,3915,3850,3865,85000,329364500,0,0
2024-05-23,3935,4005,3905,3975,147400,584903500,0,0
2024-05-24,3955,4010,3935,3950,109400,434788500,0,0
2024-05-27,4000,4010,3880,3920,104700,410348000,0,0
2024-05-28,3920,3920,3855,3895,102400,398891500,0,0
2024-05-29,3955,4015,3890,3915,136600,540585000,0,0
2024-05-30,3815,3870,3785,3830,124100,474625000,0,0
2024-05-31,3830,3880,3800,3845,130100,498528000,0,0
2024-06-03,3850,3850,3745,3750,118900,448268000,0,0
2024-06-04,3730,3770,3715,3755,108400,406359000,0,0
2024-06-05,3755,3845,3750,3805,77300,294157000,0,0
2024-06-06,3850,3865,3800,3800,56900,217768000,0,0
2024-06-07,3800,3855,3800,3845,68600,263085500,0,0
2024-06-10,3840,3890,3825,3865,70700,272909000,0,0
2024-06-11,3835,3905,3835,3870,78800,305330000,0,0
2024-06-12,3875,3890,3830,3850,71100,274154500,0,0
2024-06-13,3895,3955,3865,3905,154700,606409500,0,0
2024-06-14,3895,3975,3885,3940,124100,488783000,0,0
2024-06-17,3845,3870,3800,3800,65000,249019000,0,0
2024-06-18,3810,3845,3745,3770,124400,469542500,0,0
2024-06-19,3755,3810,3745,3775,139200,524376000,0,0
2024-06-20,3985,4030,3910,3980,376500,1498970000,0,0
2024-06-21,4030,4075,4005,4020,249800,1009211000,0,0
2024-06-24,4030,4080,4010,4065,104900,425590000,0,0
2024-06-25,4070,4100,4035,4100,104900,427595500,0,0
2024-06-26,4115,4225,4110,4200,110300,460681000,0,0
2024-06-27,4180,4195,4125,4150,86000,357033500,0,0
2024-06-28,4150,4155,4090,4090,100800,414438000,0,0
2024-07-01,4100,4110,4025,4045,82900,336480500,0,0
2024-07-02,4020,4030,3935,3980,175100,695218000,0,0
2024-07-03,3980,4050,3935,4020,138100,551887500,0,0
2024-07-04,4020,4035,3960,4035,163600,655480500,0,0
2024-07-05,4020,4055,3995,4025,78000,314060500,0,0
2024-07-08,4005,4015,3940,3960,90000,357551000,0,0
2024-07-09,3950,4030,3910,3990,142500,566235000,0,0
2024-07-10,4005,4040,3960,4010,90900,362970000,0,0
2024-07-11,4075,4080,3995,4045,80900,326498500,0,0
2024-07-12,4010,4085,4000,4055,99600,401618500,0,0
2024-07-16,4105,4195,4085,4160,104100,431464000,0,0
2024-07-17,4200,4220,4090,4105,119700,496256000,0,0
2024-07-18,4000,4020,3905,3955,139900,553512500,0,0
2024-07-19,3930,3950,3865,3870,127700,497636500,0,0
2024-07-22,3885,3900,3830,3830,63800,245704500,0,0
2024-07-23,3840,3880,3780,3795,68200,260080000,0,0
2024-07-24,3790,3815,3740,3745,123800,466154000,0,0
2024-07-25,3700,3705,3615,3645,168100,613614500,0,0
2024-07-26,3645,3700,3635,3670,90800,333581500,0,0
2024-07-29,3700,3760,3695,3735,77000,287259500,0,0
2024-07-30,3735,3770,3695,3755,70100,261935000,0,0
2024-07-31,3725,3905,3725,3905,136000,519424000,0,0
2024-08-01,3920,3960,3770,3845,220000,850815000,0,0
2024-08-02,3715,3740,3620,3645,262500,963264000,0,0
2024-08-05,3440,3470,3140,3205,346700,1161790000,0,0
2024-08-06,3480,3675,3430,3545,181300,644391500,0,0
2024-08-07,3545,3620,3475,3570,313500,1115013500,0,0
2024-08-08,4060,4060,3615,3700,461000,1723971500,0,0
2024-08-09,3810,3925,3710,3790,285500,1085361000,0,0
2024-08-13,3850,3860,3750,3845,291200,1111372000,0,0
2024-08-14,3900,3900,3790,3865,127600,490176000,0,0
2024-08-15,3895,3915,3860,3890,89600,348563000,0,0
2024-08-16,3960,4030,3940,4005,123900,493871500,0,0
2024-08-19,4010,4110,3995,4005,110200,445823000,0,0
2024-08-20,4035,4120,4005,4085,88600,361252500,0,0
2024-08-21,4025,4100,4020,4090,89500,363587000,0,0
2024-08-22,4085,4130,4055,4090,100500,411097000,0,0
2024-08-23,4075,4075,3960,3980,58800,235314000,0,0
2024-08-26,3980,3980,3915,3925,70300,276901500,0,0
2024-08-27,3900,3910,3855,3880,73300,284351500,0,0
2024-08-28,3895,3940,3815,3930,65400,254885500,0,0
2024-08-29,3930,4005,3915,3945,84700,334454000,0,0
2024-08-30,3945,3995,3915,3955,72800,287833500,0,0
2024-09-02,3975,4005,3950,3955,68100,270606500,0,0
2024-09-03,3990,4045,3960,4000,74300,297374500,0,0
2024-09-04,3850,3875,3800,3830,99200,380451000,0,0
2024-09-05,3780,3825,3760,3785,66000,249847000,0,0
2024-09-06,3805,3820,3695,3735,79800,297765000,0,0
2024-09-09,3595,3670,3565,3660,72700,263189000,0,0
2024-09-10,3685,3695,3605,3670,95800,351335500,0,0
2024-09-11,3660,3725,3595,3620,71500,260345000,0,0
2024-09-12,3735,3740,3670,3700,76600,283925000,0,0
2024-09-13,3710,3715,3640,3665,73900,272020500,0,0
2024-09-17,3665,3690,3600,3650,69100,251425500,0,0
2024-09-18,3695,3720,3660,3700,81900,302245500,0,0
2024-09-19,3755,3775,3725,3750,61700,231334500,0,0
2024-09-20,3795,3910,3795,3860,111400,430523000,0,0
2024-09-24,3910,3910,3845,3865,61400,237991500,0,0
2024-09-25,3840,3940,3820,3910,62600,243838000,0,0
2024-09-26,3960,4040,3950,4035,110500,443637500,0,0
2024-09-27,4035,4075,4010,4050,79700,322355000,0,0
2024-09-30,3925,4000,3915,3980,86700,344232500,0,0
2024-10-01,4015,4025,3955,4025,85600,343384500,0,0
2024-10-02,3955,3980,3890,3910,81800,320514500,0,0
2024-10-03,3980,4020,3955,4000,81400,325039500,0,0
2024-10-04,4000,4000,3910,3910,67700,266427500,0,0
2024-10-07,4020,4030,3965,3980,90800,362457500,0,0
2024-10-08,3945,3980,3920,3935,81300,320500000,0,0
2024-10-09,3975,3995,3885,3965,91500,360931000,0,0
2024-10-10,4000,4000,3950,3950,60200,239079500,0,0
2024-10-11,3950,3950,3890,3890,70400,275550500,0,0
2024-10-15,3960,4025,3930,3940,123100,487903500,0,0
2024-10-16,3870,3880,3835,3875,66600,257210000,0,0
2024-10-17,3875,3880,3805,3815,81800,312925500,0,0
2024-10-18,3860,3865,3815,3840,41500,159119500,0,0
2024-10-21,3835,3925,3820,3915,82700,321997500,0,0
2024-10-22,3890,3910,3825,3850,83800,322771500,0,0
2024-10-23,3820,3835,3690,3705,85100,318694000,0,0
2024-10-24,3670,3700,3650,3665,86600,318020500,0,0
2024-10-25,3670,3695,3625,3660,68800,251347000,0,0
2024-10-28,3665,3720,3645,3700,74900,276358000,0,0
2024-10-29,3705,3705,3645,3680,59000,216794000,0,0
2024-10-30,3735,3735,3690,3705,336500,1247607500,0,0
2024-10-31,3760,3795,3710,3775,150700,566170000,0,0
2024-11-01,3770,3790,3680,3685,206700,771426000,0,0
2024-11-05,3795,3795,3665,3665,124800,464521000,0,0
2024-11-06,3700,3710,3615,3625,133100,486565000,0,0
2024-11-07,3650,3670,3595,3640,121600,442352000,0,0
2024-11-08,3685,3685,3585,3595,70000,253673500,0,0
2024-11-11,3560,3585,3520,3585,74300,264501500,0,0
2024-11-12,3595,3615,3570,3610,61900,222782500,0,0
2024-11-13,3585,3590,3525,3535,71200,253013500,0,0
2024-11-14,3525,3540,3460,3475,101400,353703500,0,0
2024-11-15,3500,3515,3475,3495,78000,272422500,0,0
2024-11-18,3460,3500,3450,3480,85600,297146000,0,0
2024-11-19,3515,3530,3475,3490,99900,349562500,0,0
2024-11-20,3490,3515,3430,3450,89800,310252500,0,0
2024-11-21,3435,3485,3435,3470,87100,301965000,0,0
2024-11-22,3470,3500,3455,3455,51200,177330500,0,0
2024-11-25,3495,3495,3460,3470,77000,267737000,0,0
2024-11-26,3495,3520,3400,3435,96600,332178000,0,0
2024-11-27,3410,3425,3315,3345,128700,430698000,0,0
2024-11-28,3330,3375,3290,3375,126000,421310500,0,0
2024-11-29,3385,3410,3340,3390,81000,273731500,0,0
2024-12-02,3400,3410,3350,3410,112200,380864000,0,0
2024-12-03,3410,3480,3410,3460,84600,292291000,0,0
2024-12-04,3460,3485,3385,3400,68300,232840000,0,0
2024-12-05,3420,3425,3380,3385,75400,255992500,0,0
2024-12-06,3380,3425,3365,3415,79900,271300000,0,0
2024-12-09,3415,3425,3370,3400,84300,286602500,0,0
2024-12-10,3450,3455,3420,3435,77800,267544500,0,0
2024-12-11,3460,3480,3435,3470,77800,269237000,0,0
2024-12-12,3500,3510,3435,3460,72400,251170500,0,0
2024-12-13,3420,3505,3420,3485,90600,314558500,0,0
2024-12-16,3455,3505,3445,3465,95000,330286500,0,0
2024-12-17,3450,3515,3440,3490,126600,442165000,0,0
2024-12-18,3490,3530,3485,3500,64900,227451000,0,0
2024-12-19,3450,3530,3440,3500,84100,293939500,0,0
2024-12-20,3500,3515,3465,3480,149800,522977500,0,0
2024-12-23,3500,3530,3485,3530,75200,264075500,0,0
2024-12-24,3550,3550,3500,3515,58200,205018500,0,0
2024-12-25,3515,3515,3425,3450,59900,207407500,0,0
2024-12-26,3455,3485,3440,3465,69900,242223500,0,0
2024-12-27,3470,3555,3465,3555,72700,256727000,0,0
2024-12-30,3565,3600,3530,3565,51100,182319500,0,0
2025-01-06,3540,3610,3480,3500,113800,400212000,0,0
2025-01-07,3520,3570,3485,3505,103900,364751000,0,0
2025-01-08,3500,3540,3495,3515,72900,255885500,0,0
2025-01-09,3505,3530,3485,3515,62300,218695000,0,0
2025-01-10,3500,3535,3495,3500,60600,212471000,0,0
2025-01-14,3450,3460,3330,3340,124100,421050500,0,0
2025-01-15,3340,3390,3295,3310,115400,386139000,0,0
2025-01-16,3350,3360,3270,3280,95200,313212000,0,0
2025-01-17,3260,3320,3250,3300,68500,226032000,0,0
2025-01-20,3360,3415,3355,3395,94700,321434500,0,0
2025-01-21,3430,3430,3385,3405,80800,275362000,0,0
2025-01-22,3435,3465,3395,3445,74900,257310500,0,0
2025-01-23,3450,3470,3400,3440,76000,260852500,0,0
2025-01-24,3440,3475,3435,3445,74900,258688000,0,0
2025-01-27,3440,3460,3400,3410,87300,298804500,0,0
2025-01-28,3340,3365,3275,3345,199600,664590000,0,0
2025-01-29,3400,3400,3345,3350,80900,271949500,0,0
2025-01-30,3320,3375,3320,3365,56000,187477500,0,0
2025-01-31,3360,3365,3340,3365,84600,284012500,0,0
2025-02-03,3340,3340,3240,3250,115400,378373000,0,0
2025-02-04,3260,3320,3250,3250,60200,196939000,0,0
2025-02-05,3280,3325,3265,3275,81800,269057500,0,0
2025-02-06,3300,3330,3285,3320,73200,242269000,0,0
2025-02-07,3305,3350,3300,3340,78800,262770000,0,0
2025-02-10,3410,3445,3285,3345,214400,717243000,0,0
2025-02-12,3390,3455,3375,3415,173700,593594500,0,0
2025-02-13,3445,3470,3430,3450,63600,219508000,0,0
2025-02-14,3450,3475,3435,3440,63400,218737000,0,0
2025-02-17,3440,3465,3435,3440,56300,194091000,0,0
2025-02-18,3470,3505,3445,3500,142900,498053500,0,0
2025-02-19,3650,3755,3585,3615,603200,2195180000,0,0
2025-02-20,3560,3575,3510,3545,197800,700139000,0,0
2025-02-21,3560,3565,3500,3505,133600,469793500,0,0
2025-02-25,3480,3525,3440,3440,94800,329344000,0,0
2025-02-26,3460,3480,3450,3460,84200,291550500,0,0
2025-02-27,3460,3485,3445,3445,53100,183754500,0,0
2025-02-28,3430,3435,3350,3375,107100,362132000,0,0
2025-03-03,3400,3420,3335,3350,101800,341460500,0,0
2025-03-04,3330,3345,3305,3335,83000,276725000,0,0
2025-03-05,3345,3410,3335,3380,46300,156552500,0,0
2025-03-06,3435,3505,3430,3480,65700,228068500,0,0
2025-03-07,3460,3510,3440,3495,95300,332182000,0,0
2025-03-10,3505,3535,3450,3465,45300,157418000,0,0
2025-03-11,3395,3430,3365,3415,99400,337962500,0,0
2025-03-12,3400,3475,3380,3475,198800,680934000,0,0
2025-03-13,3555,3630,3555,3585,198800,714652000,0,0
2025-03-14,3560,3595,3530,3580,98300,350638500,0,0
2025-03-17,3600,3620,3565,3595,64300,230624000,0,0
2025-03-18,3610,3620,3555,3585,71700,256584500,0,0
2025-03-19,3585,3595,3515,3530,77400,274737500,0,0
2025-03-21,3530,3590,3510,3560,161200,572814000,0,0
2025-03-24,3560,3565,3520,3535,55300,195775000,0,0
2025-03-25,3590,3625,3535,3595,93100,333494500,0,0
2025-03-26,3605,3655,3590,3625,96900,351371500,0,0
2025-03-27,3605,3625,3565,3620,91900,330761000,0,0
2025-03-28,3615,3630,3560,3570,79700,285668000,0,0
2025-03-31,3540,3540,3410,3440,108100,373106000,0,0
2025-04-01,3470,3535,3465,3520,152300,534468000,0,0
2025-04-02,3580,3620,3510,3510,158300,562470500,0,0
2025-04-03,3345,3420,3325,3375,290900,982724500,0,0
2025-04-04,3235,3280,3155,3225,571200,1833119000,0,0
2025-04-07,3015,3030,2922,2972,360000,1073470700,0,0
2025-04-08,3095,3200,3075,3135,122900,387184000,0,0
2025-04-09,3100,3150,3020,3085,168400,520039000,0,0
2025-04-10,3355,3355,3240,3290,128900,422753000,0,0
2025-04-11,3220,3250,3135,3250,143500,460394000,0,0
2025-04-14,3315,3380,3300,3360,65500,219809500,0,0
2025-04-15,3330,3375,3330,3350,54000,181100500,0,0
2025-04-16,3335,3340,3255,3260,68200,224289000,0,0
2025-04-17,3240,3240,3190,3230,108100,347566000,0,0
2025-04-18,3230,3320,3230,3320,79800,263249500,0,0
2025-04-21,3320,3320,3250,3275,54600,178726000,0,0
2025-04-22,3270,3280,3235,3250,44400,144441500,0,0
2025-04-23,3360,3390,3335,3360,71700,240742500,0,0
2025-04-24,3400,3430,3380,3390,42200,143340500,0,0
2025-04-25,3420,3485,3420,3450,57400,198155000,0,0
2025-04-28,3460,3505,3460,3475,64100,223116000,0,0
2025-04-30,3475,3490,3425,3460,89300,308511000,0,0
2025-05-01,3460,3520,3435,3515,55500,194256000,0,0
2025-05-02,3545,3570,3525,3570,55900,198475000,0,0
2025-05-07,3590,3615,3530,3555,100500,357841500,0,0
2025-05-08,3525,3560,3505,3550,63800,225411500,0,0
2025-05-09,3575,3625,3565,3625,54700,197591000,0,0
2025-05-12,3625,3685,3625,3685,62100,227119000,0,0
2025-05-13,3685,3750,3625,3695,219400,809337500,0,0
2025-05-14,3670,3735,3655,3710,97800,361338000,0,0
2025-05-15,3710,3710,3615,3655,71800,263157000,0,0
2025-05-16,3665,3670,3580,3595,52400,189078000,0,0
2025-05-19,3585,3640,3535,3565,65700,234901500,0,0
2025-05-20,3580,3620,3570,3585,61000,218825000,0,0
2025-05-21,3585,3610,3570,3600,42900,154185000,0,0
2025-05-22,3575,3600,3540,3545,45700,162393500,0,0
2025-05-23,3565,3615,3550,3585,53300,191222000,0,0
2025-05-26,3625,3675,3600,3675,46700,170881500,0,0
2025-05-27,3700,3705,3655,3695,32400,119325000,0,0
2025-05-28,3730,3785,3710,3755,112300,421894500,0,0
2025-05-29,3790,3855,3785,3855,121200,463883000,0,0
2025-05-30,3830,3895,3815,3850,98800,380385500,0,0
2025-06-02,3820,3820,3730,3750,92400,348277500,0,0
2025-06-03,3745,3785,3735,3760,63200,237324500,0,0
2025-06-04,3770,3840,3765,3775,87300,330376500,0,0
2025-06-05,3730,3765,3715,3755,76200,285029500,0,0
2025-06-06,3750,3800,3715,3740,70300,263075500,0,0
2025-06-09,3755,3775,3725,3740,46400,173965000,0,0
2025-06-10,3740,3780,3720,3760,69500,261015500,0,0
2025-06-11,3750,3890,3725,3890,131800,507767000,0,0
2025-06-12,3900,3930,3835,3835,78100,300778000,0,0
2025-06-13,3815,3855,3730,3775,72200,272827500,0,0
2025-06-16,3830,3845,3790,3795,52300,199146500,0,0
2025-06-17,3800,3835,3780,3830,52600,201012000,0,0
2025-06-18,3835,3870,3830,3865,51300,197666000,0,0
2025-06-19,3825,3830,3785,3800,46300,176025000,0,0
2025-06-20,3800,3815,3755,3755,46500,175246500,0,0
2025-06-23,3755,3755,3700,3725,44900,167253500,0,0
2025-06-24,3795,3820,3735,3775,63100,237801000,0,0
2025-06-25,3795,3825,3775,3800,59900,227486000,0,0
2025-06-26,3810,3900,3805,3845,98400,379860000,0,0
2025-06-27,3875,3900,3850,3870,86600,335254500,0,0
2025-06-30,3875,3910,3845,3870,89400,346344000,0,0
2025-07-01,3875,3905,3870,3880,50900,197572500,0,0
2025-07-02,3880,3905,3815,3820,111300,430217500,0,0
2025-07-03,3845,3880,3820,3865,81000,312290000,0,0
2025-07-04,3870,3910,3865,3885,59700,232124000,0,0
2025-07-07,3880,3880,3825,3860,66000,254202500,0,0
2025-07-08,3860,4010,3860,3965,114800,454979500,0,0
2025-07-09,4005,4040,3975,3990,85500,341600500,0,0
2025-07-10,3990,4015,3960,4010,110700,443020500,0,0
2025-07-11,4015,4045,3985,4000,63800,255543500,0,0
2025-07-14,4000,4025,3965,4000,80500,322210000,0,0
2025-07-15,4000,4020,3990,4015,43500,174438500,0,0
2025-07-16,4005,4020,3980,4000,44000,175948500,0,0
2025-07-17,3980,4050,3980,4050,65300,263446500,0,0
2025-07-18,4050,4135,4040,4110,76200,312134500,0,0
2025-07-22,4115,4190,4110,4180,104600,435200000,0,0
2025-07-23,4220,4245,4145,4190,109000,457403000,0,0
2025-07-24,4195,4245,4160,4235,59400,250557500,0,0
2025-07-25,4250,4275,4210,4225,100600,426342500,0,0
2025-07-28,4185,4200,4145,4185,52800,220691000,0,0
2025-07-29,4315,4370,4250,4250,155200,666255000,0,0
2025-07-30,4250,4340,4250,4295,92200,396433000,0,0
2025-07-31,4265,4335,4260,4315,69300,298714000,0,0
2025-08-01,4275,4330,4255,4315,74000,318531000,0,0
2025-08-04,4210,4290,4210,4285,47000,200499500,0,0
2025-08-05,4325,4345,4290,4320,65900,285113500,0,0
2025-08-06,4310,4340,4295,4300,59900,258135000,0,0
2025-08-07,4285,4315,4250,4290,63700,273162000,0,0
2025-08-08,4255,4345,4255,4330,131300,566264500,0,0
2025-08-12,4675,4755,4490,4500,278500,1281912000,0,0
2025-08-13,4520,4590,4480,4550,143000,650213500,0,0
2025-08-14,4530,4550,4490,4525,78400,353971500,0,0
2025-08-15,4500,4550,4485,4525,66400,300380500,0,0
2025-08-18,4570,4650,4545,4630,161700,744988000,0,0
2025-08-19,4630,4655,4600,4615,86000,397670500,0,0
2025-08-20,4615,4640,4585,4615,45800,211504000,0,0
2025-08-21,4620,4665,4620,4650,45500,211565500,0,0
2025-08-22,4650,4675,4615,4670,67500,314003500,0,0
2025-08-25,4670,4720,4655,4675,81600,382242500,0,0
2025-08-26,4675,4730,4675,4690,73500,345492500,0,0
2025-08-27,4710,4720,4690,4690,102400,481120000,0,0
2025-08-28,4695,4745,4660,4720,227900,1074143500,0,0
2025-08-29,4750,4750,4690,4690,57100,268953000,0,0
2025-09-01,4660,4660,4585,4610,69900,322391500,0,0
2025-09-02,4625,4660,4595,4600,62800,289931500,0,0
2025-09-03,4600,4650,4595,4625,84300,389878000,0,0
2025-09-04,4635,4695,4635,4650,88100,410737500,0,0
2025-09-05,4665,4750,4665,4720,92700,437817000,0,0
2025-09-08,4765,4800,4740,4780,71500,341256000,0,0
2025-09-09,4840,4875,4770,4785,114200,549440000,0,0
2025-09-10,4780,4785,4735,4750,58900,279986000,0,0
2025-09-11,4750,4825,4750,4815,77200,370844500,0,0
2025-09-12,4800,4860,4765,4800,87900,423654500,0,0
2025-09-16,4835,4865,4805,4835,103800,501885000,0,0
2025-09-17,4810,4825,4775,4775,73700,353361500,0,0
2025-09-18,4800,4920,4785,4920,100200,488948000,0,0
2025-09-19,4950,4995,4850,4910,136100,668912500,0,0
2025-09-22,4955,5050,4950,5010,104700,525605000,0,0
2025-09-24,4970,5010,4945,4985,113000,562723000,0,0
2025-09-25,4965,4985,4905,4975,87200,432194500,0,0
2025-09-26,4970,4985,4915,4955,66200,327915500,0,0
2025-09-29,4890,4910,4840,4845,92100,447442000,0,0
2025-09-30,4885,4900,4840,4900,74400,363258500,0,0
2025-10-01,4895,4895,4750,4780,104700,501672000,0,0
2025-10-02,4850,4950,4840,4930,120500,590136500,0,0
2025-10-03,4960,4980,4900,4980,74900,371435500,0,0
2025-10-06,5050,5100,5010,5080,92900,470840000,0,0
2025-10-07,5100,5190,5090,5170,109100,562042000,0,0
2025-10-08,5170,5190,5100,5120,78500,403656000,0,0
2025-10-09,5190,5260,5160,5260,80800,421683000,0,0
2025-10-10,5210,5220,5080,5110,122400,629554000,0,0
2025-10-14,5010,5110,4940,4970,170200,854061500,0,0
2025-10-15,5000,5020,4925,4960,171300,850763500,0,0
2025-10-16,5010,5050,4970,4995,72500,362503000,0,0
2025-10-17,4925,4935,4780,4800,96800,468559000,0,0
2025-10-20,4905,4980,4820,4915,82500,405092000,0,0
2025-10-21,4915,4960,4860,4915,97300,478879000,0,0
2025-10-22,4920,4960,4875,4895,108400,532054500,0,0
2025-10-23,4825,4890,4825,4860,44100,214307500,0,0
2025-10-24,4900,4955,4875,4950,114300,561248500,0,0
2025-10-27,5010,5020,4955,5020,69000,344775500,0,0
2025-10-28,5020,5030,4925,4950,115200,573383500,0,0
2025-10-29,4970,5060,4940,5020,129600,649851500,0,0
2025-10-30,5060,5100,4910,4935,316400,1568332000,0,0
2025-10-31,4995,5120,4930,5120,232700,1174613500,0,0
2025-11-04,5720,5900,5560,5670,555800,3173231000,0,0
2025-11-05,5470,5550,5210,5500,307800,1661839000,0,0
2025-11-06,5660,5710,5570,5610,192100,1080932000,0,0
2025-11-07,5600,5760,5530,5760,112300,639506000,0,0
2025-11-10,5770,5850,5720,5840,111500,648493000,0,0
2025-11-11,5870,5870,5690,5730,111900,643792000,0,0
2025-11-12,5730,5800,5680,5770,78300,450331000,0,0
2025-11-13,5770,6030,5730,5960,110000,654409000,0,0
2025-11-14,5840,5920,5790,5830,86900,508408000,0,0
2025-11-17,5820,5940,5790,5880,85800,503148000,0,0
2025-11-18,5830,5850,5650,5660,156900,897222000,0,0
2025-11-19,5660,5700,5520,5590,82100,461755000,0,0
2025-11-20,5810,5860,5630,5680,167400,957922000,0,0
2025-11-21,5500,5610,5490,5570,125500,697455000,0,0
2025-11-25,5670,5700,5600,5640,101200,571596000,0,0
2025-11-26,5720,6010,5660,5920,251100,1481952000,0,0
2025-11-27,5950,6100,5900,6050,194700,1167000000,0,0
2025-11-28,6120,6290,6090,6270,227900,1412628000,0,0
2025-12-01,6250,6370,6200,6310,215600,1355198000,0,0
2025-12-02,6340,6470,6270,6370,188300,1201361000,0,0
2025-12-03,6400,6500,6320,6370,159700,1019809000,0,0
2025-12-04,6470,6630,6450,6570,250200,1635361000,0,0
2025-12-05,6420,6740,6390,6620,226800,1500147000,0,0
2025-12-08,6610,6710,6550,6580,120300,794497000,0,0
2025-12-09,6550,6660,6540,6650,120000,794071000,0,0
2025-12-10,6650,6760,6590,6590,120000,796514000,0,0
2025-12-11,6630,6640,6390,6520,203000,1317544000,0,0
2025-12-12,6600,6630,6540,6630,132400,873403000,0,0
2025-12-15,6580,6660,6520,6610,99000,651504000,0,0
2025-12-16,6560,6560,6200,6290,216200,1367250000,0,0
2025-12-17,6340,6400,6250,6390,153800,975322000,0,0
2025-12-18,6250,6400,6180,6360,99100,627004000,0,0
2025-12-19,6420,6450,6240,6360,215400,1363474000,0,0
2025-12-22,6460,6580,6430,6480,146600,952287000,0,0
2025-12-23,6450,6480,6380,6420,70400,451966000,0,0
2025-12-24,6460,6490,6370,6380,109700,702805000,0,0
2025-12-25,6420,6430,6350,6430,91200,583283000,0,0
2025-12-26,6450,6470,6300,6360,130000,827703000,0,0
2025-12-29,6400,6440,6340,6370,110300,702692000,0,0
2025-12-30,6360,6440,6320,6370,110700,706215000,0,0
2026-01-05,6430,6500,6350,6390,146200,936973000,0,0
2026-01-06,6430,6550,6320,6500,165900,1068120000,0,0
2026-01-07,6430,6700,6400,6570,126400,829291000,0,0
2026-01-08,6490,6550,6410,6530,122300,795314000,0,0
2026-01-09,6520,6560,6380,6430,96100,619108000,0,0
2026-01-13,6720,6780,6520,6660,184100,1230374000,0,0
2026-01-14,6650,6770,6620,6730,103500,695715000,0,0
2026-01-15,6670,6850,6670,6800,91200,618030000,0,0
2026-01-16,6820,7140,6820,7090,234300,1645183000,0,0
2026-01-19,7020,7080,6920,7040,88300,619481000,0,0
2026-01-20,7130,7160,6790,6820,211300,1460410000,0,0
2026-01-21,6920,7480,6850,7370,495500,3592838000,0,0
2026-01-22,7490,7710,7360,7490,433500,3261792000,0,0
2026-01-23,7520,7800,7460,7620,499000,3788571000,0,0
2026-01-26,7500,7740,7430,7440,547200,4136472000,0,0
